-- phpMyAdmin SQL Dump
-- version 5.0.2
-- https://www.phpmyadmin.net/
--
-- Hôte : 127.0.0.1:3306
-- Généré le : ven. 29 juil. 2022 à 00:58
-- Version du serveur :  5.7.31
-- Version de PHP : 7.3.21

SET SQL_MODE = "NO_AUTO_VALUE_ON_ZERO";
START TRANSACTION;
SET time_zone = "+00:00";


/*!40101 SET @OLD_CHARACTER_SET_CLIENT=@@CHARACTER_SET_CLIENT */;
/*!40101 SET @OLD_CHARACTER_SET_RESULTS=@@CHARACTER_SET_RESULTS */;
/*!40101 SET @OLD_COLLATION_CONNECTION=@@COLLATION_CONNECTION */;
/*!40101 SET NAMES utf8mb4 */;

--
-- Base de données : `gestionz`
--

-- --------------------------------------------------------

--
-- Structure de la table `creche`
--

DROP TABLE IF EXISTS `creche`;
CREATE TABLE IF NOT EXISTS `creche` (
  `id_creche` int(11) NOT NULL AUTO_INCREMENT,
  `nom_creche` varchar(50) DEFAULT NULL,
  `adresse` varchar(100) DEFAULT NULL,
  PRIMARY KEY (`id_creche`)
) ENGINE=MyISAM AUTO_INCREMENT=12 DEFAULT CHARSET=utf8;

--
-- Déchargement des données de la table `creche`
--

INSERT INTO `creche` (`id_creche`, `nom_creche`, `adresse`) VALUES
(1, 'Les Aventuriers', '1 allée de la paix 93380 Pierrefitte'),
(2, 'Les aviateurs', '64 jules de chatenay 93240 Stains'),
(4, 'Les Cascadeurs', '130 avenue Gaston Roussel, 93230 Romainville'),
(3, 'Les Navigateurs', '14 rue Georges Sand, 93240 Stains\r\n\r\n'),
(5, 'Les Astronautes', '3D allée Hannah Arendt, 93140 Bondy'),
(9, 'Les Esquimaux', '3B allée Hannah Arendt, 93140 Bondy'),
(6, 'Nid\'Anges', '1 Bis rue nationale, 95260 Beaumont-sur-Oise\r\n\r\n'),
(7, 'Les Bouts en train Étampes', 'Place Gaston Beau, 91150 Étampes'),
(8, 'Les Bouts en train Douai', 'Place de la gare, 59500 Douai\r\n\r\n');

-- --------------------------------------------------------

--
-- Structure de la table `personnel`
--

DROP TABLE IF EXISTS `personnel`;
CREATE TABLE IF NOT EXISTS `personnel` (
  `id_perso` int(11) NOT NULL AUTO_INCREMENT,
  `nom_perso` varchar(50) DEFAULT NULL,
  `prenom_perso` varchar(50) DEFAULT NULL,
  `is_admin` tinyint(1) DEFAULT NULL,
  `is_directeur` tinyint(1) DEFAULT NULL,
  `is_auxiliaire` tinyint(1) DEFAULT NULL,
  `Id_creche` int(11) DEFAULT NULL,
  PRIMARY KEY (`id_perso`)
) ENGINE=MyISAM AUTO_INCREMENT=24 DEFAULT CHARSET=utf8;

--
-- Déchargement des données de la table `personnel`
--

INSERT INTO `personnel` (`id_perso`, `nom_perso`, `prenom_perso`, `is_admin`, `is_directeur`, `is_auxiliaire`, `Id_creche`) VALUES
(1, 'C', 'Cindy', 0, 0, 1, 1),
(2, 'D', 'Cloé', 1, 1, 0, NULL),
(3, 'D', 'Marina', 0, 1, 1, 5),
(4, 'M', 'Samira', 0, 1, 1, 2),
(5, 'B', 'Céline', 0, 1, 0, 7),
(6, 'C', 'Alicia', 0, 1, 0, 8),
(7, 'G', 'Julie', 0, 1, 1, 6),
(8, 'F', 'Numira', 0, 0, 1, 3),
(9, 'M', 'Grace', 0, 0, 1, 3),
(10, 'P', 'Catherine', 0, 0, 1, 5),
(11, 'A', 'Fatou', 0, 0, 1, 5),
(12, 'A', 'Lia', 0, 0, 1, 2),
(13, 'C', 'Florence', 0, 0, 1, 2),
(14, 'L', 'Emilie', 0, 0, 1, 1),
(15, 'B', 'Rose', 0, 0, 1, 1),
(16, 'S', 'Souad', 0, 1, 1, 4),
(17, 'S', 'Lucie', 0, 0, 1, 4),
(18, 'D', 'Tania', 0, 0, 1, 6),
(19, 'U', 'Vicky', 0, 0, 1, 6),
(20, 'L', 'Marie', 0, 0, 1, 7),
(21, 'K', 'Anne', 0, 0, 1, 7),
(22, 'B', 'Isabelle', 0, 0, 1, 8),
(23, 'K', 'Babita', 0, 0, 1, 8);

-- --------------------------------------------------------

--
-- Structure de la table `tache`
--

DROP TABLE IF EXISTS `tache`;
CREATE TABLE IF NOT EXISTS `tache` (
  `id_tache` int(11) NOT NULL AUTO_INCREMENT,
  `type_de_tache` varchar(100) DEFAULT NULL,
  `date_time` datetime NOT NULL DEFAULT CURRENT_TIMESTAMP,
  `id_perso` varchar(100) DEFAULT NULL,
  `id_creche` int(11) DEFAULT NULL,
  `id_tache_unique` int(11) DEFAULT NULL,
  `havant` varchar(50) DEFAULT NULL,
  `hfin` varchar(50) DEFAULT NULL,
  `hfin1` varchar(50) DEFAULT NULL,
  `plats` varchar(50) DEFAULT NULL,
  `tempav` varchar(50) DEFAULT NULL,
  `tempsortie1` varchar(50) DEFAULT NULL,
  `tempfin2` varchar(50) DEFAULT NULL,
  PRIMARY KEY (`id_tache`)
) ENGINE=MyISAM AUTO_INCREMENT=67 DEFAULT CHARSET=utf8;

--
-- Déchargement des données de la table `tache`
--

INSERT INTO `tache` (`id_tache`, `type_de_tache`, `date_time`, `id_perso`, `id_creche`, `id_tache_unique`, `havant`, `hfin`, `hfin1`, `plats`, `tempav`, `tempsortie1`, `tempfin2`) VALUES
(1, NULL, '2022-07-05 14:08:51', '2', 1, NULL, '17:11', '15:09', '17:08', 'legume', '45', '80', ''),
(2, NULL, '2022-07-21 07:56:46', '1', NULL, NULL, '10:55', '11:25', '11:40', 'viande', '4', '85', '70'),
(3, 'nettoyage salle pro', '2022-07-27 22:51:07', '4', 2, 2, NULL, NULL, NULL, NULL, NULL, NULL, NULL),
(4, 'nettoyage salle pro', '2022-07-27 22:51:07', '4', 2, 3, NULL, NULL, NULL, NULL, NULL, NULL, NULL),
(5, 'nettoyage salle pro', '2022-07-27 22:51:07', '4', 2, 1, NULL, NULL, NULL, NULL, NULL, NULL, NULL),
(6, 'nettoyage Dortoir', '2022-07-27 22:51:58', '4', 2, 21, NULL, NULL, NULL, NULL, NULL, NULL, NULL),
(7, 'nettoyage Dortoir', '2022-07-27 22:51:58', '4', 2, 23, NULL, NULL, NULL, NULL, NULL, NULL, NULL),
(8, 'nettoyage salle pro', '2022-07-27 22:55:19', '4', 2, 2, NULL, NULL, NULL, NULL, NULL, NULL, NULL),
(9, 'nettoyage salle pro', '2022-07-27 22:55:19', '4', 2, 3, NULL, NULL, NULL, NULL, NULL, NULL, NULL),
(10, 'nettoyage salle pro', '2022-07-27 22:55:19', '4', 2, 1, NULL, NULL, NULL, NULL, NULL, NULL, NULL),
(11, 'nettoyage salle pro', '2022-07-28 12:04:46', '1', 1, 1, NULL, NULL, NULL, NULL, NULL, NULL, NULL),
(12, 'nettoyage salle de change', '2022-07-28 12:13:45', '1', 1, 6, NULL, NULL, NULL, NULL, NULL, NULL, NULL),
(13, 'nettoyage salle de change', '2022-07-28 12:14:10', '1', 1, 6, NULL, NULL, NULL, NULL, NULL, NULL, NULL),
(14, 'nettoyage Dortoir', '2022-07-28 12:22:11', '1', 1, 21, NULL, NULL, NULL, NULL, NULL, NULL, NULL),
(15, 'nettoyage Dortoir', '2022-07-28 12:23:28', '1', 1, 21, NULL, NULL, NULL, NULL, NULL, NULL, NULL),
(16, 'nettoyage Dortoir', '2022-07-28 12:26:24', '1', 1, 21, NULL, NULL, NULL, NULL, NULL, NULL, NULL),
(17, 'nettoyage Dortoir', '2022-07-28 12:27:37', '1', 1, 21, NULL, NULL, NULL, NULL, NULL, NULL, NULL),
(18, 'nettoyage Dortoir', '2022-07-28 12:27:37', '1', 1, 22, NULL, NULL, NULL, NULL, NULL, NULL, NULL),
(19, 'nettoyage Dortoir', '2022-07-28 12:27:37', '1', 1, 23, NULL, NULL, NULL, NULL, NULL, NULL, NULL),
(20, 'nettoyage Dortoir', '2022-07-28 12:27:37', '1', 1, 24, NULL, NULL, NULL, NULL, NULL, NULL, NULL),
(21, 'nettoyage salle de change', '2022-07-28 12:28:16', '1', 1, 5, NULL, NULL, NULL, NULL, NULL, NULL, NULL),
(22, 'nettoyage salle de change', '2022-07-28 12:28:16', '1', 1, 6, NULL, NULL, NULL, NULL, NULL, NULL, NULL),
(23, 'nettoyage salle de change', '2022-07-28 12:28:16', '1', 1, 7, NULL, NULL, NULL, NULL, NULL, NULL, NULL),
(24, 'nettoyage salle de change', '2022-07-28 12:28:16', '1', 1, 8, NULL, NULL, NULL, NULL, NULL, NULL, NULL),
(25, 'nettoyage Dortoir', '2022-07-28 12:51:38', '1', 1, 20, NULL, NULL, NULL, NULL, NULL, NULL, NULL),
(26, 'nettoyage Dortoir', '2022-07-28 12:51:38', '1', 1, 16, NULL, NULL, NULL, NULL, NULL, NULL, NULL),
(27, 'nettoyage Dortoir', '2022-07-28 12:51:38', '1', 1, 18, NULL, NULL, NULL, NULL, NULL, NULL, NULL),
(28, 'nettoyage Dortoir', '2022-07-28 12:51:38', '1', 1, 17, NULL, NULL, NULL, NULL, NULL, NULL, NULL),
(29, 'nettoyage Dortoir', '2022-07-28 12:53:24', '1', 1, 16, NULL, NULL, NULL, NULL, NULL, NULL, NULL),
(30, 'nettoyage Dortoir', '2022-07-28 12:53:24', '1', 1, 17, NULL, NULL, NULL, NULL, NULL, NULL, NULL),
(31, 'nettoyage Dortoir', '2022-07-28 12:54:04', '1', 1, 20, NULL, NULL, NULL, NULL, NULL, NULL, NULL),
(32, 'nettoyage Dortoir', '2022-07-28 12:54:04', '1', 1, 16, NULL, NULL, NULL, NULL, NULL, NULL, NULL),
(33, 'nettoyage Dortoir', '2022-07-28 12:54:04', '1', 1, 18, NULL, NULL, NULL, NULL, NULL, NULL, NULL),
(34, 'nettoyage Dortoir', '2022-07-28 12:54:04', '1', 1, 17, NULL, NULL, NULL, NULL, NULL, NULL, NULL),
(35, 'nettoyage Section - Sol', '2022-07-28 13:04:49', '1', 1, 15, NULL, NULL, NULL, NULL, NULL, NULL, NULL),
(36, 'nettoyage Section - Sol', '2022-07-28 13:05:19', '1', 1, 13, NULL, NULL, NULL, NULL, NULL, NULL, NULL),
(37, 'nettoyage Section - Sol', '2022-07-28 13:05:19', '1', 1, 14, NULL, NULL, NULL, NULL, NULL, NULL, NULL),
(38, 'nettoyage Section - Sol', '2022-07-28 13:06:14', '1', 1, 13, NULL, NULL, NULL, NULL, NULL, NULL, NULL),
(39, 'nettoyage Section - Sol', '2022-07-28 13:06:28', '1', 1, 13, NULL, NULL, NULL, NULL, NULL, NULL, NULL),
(40, 'nettoyage Section - Sol', '2022-07-28 13:06:50', '1', 1, 13, NULL, NULL, NULL, NULL, NULL, NULL, NULL),
(41, 'nettoyage Section - Sol', '2022-07-28 13:06:50', '1', 1, 14, NULL, NULL, NULL, NULL, NULL, NULL, NULL),
(42, 'nettoyage Section - Sol', '2022-07-28 13:06:50', '1', 1, 15, NULL, NULL, NULL, NULL, NULL, NULL, NULL),
(43, 'nettoyage Section - Sol', '2022-07-28 14:25:11', '1', 1, 13, NULL, NULL, NULL, NULL, NULL, NULL, NULL),
(44, 'nettoyage Section - Sol', '2022-07-28 14:25:11', '1', 1, 14, NULL, NULL, NULL, NULL, NULL, NULL, NULL),
(45, 'nettoyage Section - Sol', '2022-07-28 14:25:11', '1', 1, 15, NULL, NULL, NULL, NULL, NULL, NULL, NULL),
(46, 'nettoyage Section - Sol', '2022-07-28 14:25:48', '1', 1, 13, NULL, NULL, NULL, NULL, NULL, NULL, NULL),
(47, 'nettoyage Section - Sol', '2022-07-28 14:25:48', '1', 1, 14, NULL, NULL, NULL, NULL, NULL, NULL, NULL),
(48, 'nettoyage Section - Sol', '2022-07-28 14:25:48', '1', 1, 15, NULL, NULL, NULL, NULL, NULL, NULL, NULL),
(49, 'nettoyage Section - Sol', '2022-07-28 14:27:13', '1', 1, 13, NULL, NULL, NULL, NULL, NULL, NULL, NULL),
(50, 'nettoyage Section - Sol', '2022-07-28 14:27:13', '1', 1, 14, NULL, NULL, NULL, NULL, NULL, NULL, NULL),
(51, 'Plat', '2022-07-28 15:24:06', '1', 1, NULL, '17:23', '18:23', '15:28', 'poisson', '156', '15', '15'),
(52, 'Plat', '2022-07-29 00:01:25', '23', 8, NULL, '13:00', '13:04', '14:00', 'poisson', '45', '80', '84'),
(53, 'Biberonnerie', '2022-07-29 00:56:54', '23', 8, 9, NULL, NULL, NULL, NULL, NULL, NULL, NULL),
(54, 'Biberonnerie', '2022-07-29 00:56:54', '23', 8, 11, NULL, NULL, NULL, NULL, NULL, NULL, NULL),
(55, 'Biberonnerie', '2022-07-29 00:56:54', '23', 8, 12, NULL, NULL, NULL, NULL, NULL, NULL, NULL),
(56, 'nettoyage salle pro', '2022-07-29 01:09:40', '23', 8, 1, NULL, NULL, NULL, NULL, NULL, NULL, NULL),
(57, 'Biberonnerie', '2022-07-29 01:11:15', '23', 8, 9, NULL, NULL, NULL, NULL, NULL, NULL, NULL),
(58, 'Biberonnerie', '2022-07-29 01:16:46', '23', 8, 9, NULL, NULL, NULL, NULL, NULL, NULL, NULL),
(59, 'Biberonnerie', '2022-07-29 01:17:57', '23', 8, 9, NULL, NULL, NULL, NULL, NULL, NULL, NULL),
(60, 'nettoyage Section - Sol', '2022-07-29 01:19:39', '23', 8, 13, NULL, NULL, NULL, NULL, NULL, NULL, NULL),
(61, 'nettoyage Section - Sol', '2022-07-29 01:21:01', '23', 8, 13, NULL, NULL, NULL, NULL, NULL, NULL, NULL),
(62, 'nettoyage salle pro', '2022-07-29 01:22:20', '17', 4, 2, NULL, NULL, NULL, NULL, NULL, NULL, NULL),
(63, 'nettoyage salle pro', '2022-07-29 01:22:20', '17', 4, 3, NULL, NULL, NULL, NULL, NULL, NULL, NULL),
(64, 'nettoyage salle pro', '2022-07-29 01:22:20', '17', 4, 1, NULL, NULL, NULL, NULL, NULL, NULL, NULL),
(65, 'Biberonnerie', '2022-07-29 02:58:12', '5', 7, 9, NULL, NULL, NULL, NULL, NULL, NULL, NULL),
(66, 'Biberonnerie', '2022-07-29 02:58:12', '5', 7, 12, NULL, NULL, NULL, NULL, NULL, NULL, NULL);

-- --------------------------------------------------------

--
-- Structure de la table `tache_unique`
--

DROP TABLE IF EXISTS `tache_unique`;
CREATE TABLE IF NOT EXISTS `tache_unique` (
  `id_tache_unique` int(11) NOT NULL AUTO_INCREMENT,
  `type` varchar(200) DEFAULT NULL,
  `description` varchar(500) DEFAULT NULL,
  PRIMARY KEY (`id_tache_unique`)
) ENGINE=MyISAM AUTO_INCREMENT=25 DEFAULT CHARSET=utf8;

--
-- Déchargement des données de la table `tache_unique`
--

INSERT INTO `tache_unique` (`id_tache_unique`, `type`, `description`) VALUES
(1, 'Salle Pro', 'Nettoyage: Surface et plan de travail.'),
(2, 'Salle Pro', 'Nettoyage: Porte et poignets.'),
(3, 'Salle Pro', 'Nettoyage: Céramique éviers *3 et robinet. '),
(4, 'Salle Pro', 'Nettoyage: Intérieur de placards/micro-onde/carrelage/bureau.\r\n'),
(5, 'Salle de Change', 'Nettoyage: Surface (évier*2, robinetterie*2), plan de change complet'),
(6, 'Salle de change', 'Nettoyage: Portes/poignets'),
(7, 'Salle de change', 'Nettoyage toilette: Chaise d\'eau, céramique '),
(8, 'Salle de change', 'Nettoyage étagère des panières.'),
(9, 'Biberonnerie', 'Vider la biberonnerie et frigos des aliments.'),
(10, 'Biberonnerie', 'Nettoyage surface: Evier, robinetterie, plan de travail, poubelle.'),
(11, 'Biberonnerie', 'Nettoyage portes et poignets: Frigo, biberonnerie'),
(12, 'Biberonnerie', 'Nettoyage intérieur: Frigo, étagère.'),
(13, 'Section - Sol', 'Nettoyage surface: meuble jeu/ dinette, tables chaises, blocs moteurs, tapis, poignets'),
(14, 'Section - Sol', 'Nettoyage sol: Entrée, toilette, section.'),
(15, 'Section - Sol', 'Etagère des paniers.  '),
(16, 'Salle de Vie', 'Aérer la crèche'),
(17, 'Salle de Vie', 'Désinfecter les poignées, les tapis et les coins bebe'),
(18, 'Salle de Vie', 'Nettoyage: Hublots et vitres'),
(20, 'Salle de Vie', 'Passer la gaz et la serpillère'),
(21, 'Dortoir', 'Passer la gaz'),
(22, 'Dortoir', 'Désinfecter: Toboggan, hublots et poignets.'),
(23, 'Dortoir', 'Enlever et laver les draps '),
(24, 'Dortoir', 'Désinfecter les lits');

-- --------------------------------------------------------

--
-- Structure de la table `trace`
--

DROP TABLE IF EXISTS `trace`;
CREATE TABLE IF NOT EXISTS `trace` (
  `id_tache` int(11) NOT NULL AUTO_INCREMENT,
  `libelle` varchar(150) DEFAULT NULL,
  `date` timestamp NULL DEFAULT CURRENT_TIMESTAMP,
  `photo` text,
  `com` varchar(500) DEFAULT NULL,
  PRIMARY KEY (`id_tache`)
) ENGINE=MyISAM AUTO_INCREMENT=6 DEFAULT CHARSET=utf8;

--
-- Déchargement des données de la table `trace`
--

INSERT INTO `trace` (`id_tache`, `libelle`, `date`, `photo`, `com`) VALUES
(4, 'trace', '2022-07-29 00:56:29', 'data:image/jpeg;base64,/9j/4AAQSkZJRgABAQAAAQABAAD/4gIoSUNDX1BST0ZJTEUAAQEAAAIYAAAAAAQwAABtbnRyUkdCIFhZWiAAAAAAAAAAAAAAAABhY3NwAAAAAAAAAAAAAAAAAAAAAAAAAAAAAAAAAAAAAQAA9tYAAQAAAADTLQAAAAAAAAAAAAAAAAAAAAAAAAAAAAAAAAAAAAAAAAAAAAAAAAAAAAAAAAAAAAAAAAAAAAlkZXNjAAAA8AAAAHRyWFlaAAABZAAAABRnWFlaAAABeAAAABRiWFlaAAABjAAAABRyVFJDAAABoAAAAChnVFJDAAABoAAAAChiVFJDAAABoAAAACh3dHB0AAAByAAAABRjcHJ0AAAB3AAAADxtbHVjAAAAAAAAAAEAAAAMZW5VUwAAAFgAAAAcAHMAUgBHAEIAAAAAAAAAAAAAAAAAAAAAAAAAAAAAAAAAAAAAAAAAAAAAAAAAAAAAAAAAAAAAAAAAAAAAAAAAAAAAAAAAAAAAAAAAAAAAAAAAAAAAAAAAAFhZWiAAAAAAAABvogAAOPUAAAOQWFlaIAAAAAAAAGKZAAC3hQAAGNpYWVogAAAAAAAAJKAAAA+EAAC2z3BhcmEAAAAAAAQAAAACZmYAAPKnAAANWQAAE9AAAApbAAAAAAAAAABYWVogAAAAAAAA9tYAAQAAAADTLW1sdWMAAAAAAAAAAQAAAAxlblVTAAAAIAAAABwARwBvAG8AZwBsAGUAIABJAG4AYwAuACAAMgAwADEANv/bAEMAAwICAgICAwICAgMDAwMEBgQEBAQECAYGBQYJCAoKCQgJCQoMDwwKCw4LCQkNEQ0ODxAQERAKDBITEhATDxAQEP/bAEMBAwMDBAMECAQECBALCQsQEBAQEBAQEBAQEBAQEBAQEBAQEBAQEBAQEBAQEBAQEBAQEBAQEBAQEBAQEBAQEBAQEP/AABEIAPABQAMBIgACEQEDEQH/xAAdAAACAgMBAQEAAAAAAAAAAAAFBgQHAgMIAQAJ/8QAThAAAQMCBAQDBAcEBAsHBQAAAQIDBAURAAYSIQcTMUEiUWEUMnGBCBUjQpGhwVJisdEWJHKCCSUzU5KTorLC4fAXGENjg6Pxc4Sz0uL/xAAcAQABBQEBAQAAAAAAAAAAAAADAgQFBgcBAAj/xAA9EQABAwIEAwUFBgUDBQAAAAABAAIDBBEFEiExBkFREyJhcbEUMoGRoQcjQmLB0RVSsuHwM3KSJCVDgvH/2gAMAwEAAhEDEQA/AKmqmf51TpzOVWHFNwmnS6UX2W4Ra5+A2HlviJFZeQs73tbtgHT4ILpeUTe+xv1w0xtLbAG9ybm5xizomwm4+K1N7baBbWQpLgWoddsb5LyENkqUCLb2GPEuBwBKenmcA8zy3W9CEGwHW3fDOKbNNlAQSy/vLbBrMmO/yoZWok9Oxw402ooaSHqk2lCbXPi3xWtNq64zgUltKleZ88TX6647somyt9jiTZLJT/6S57O1+6danmamKdJjREqB232/LGmPXqSpJMhCW+51GwwmQ0PvvlzSpQv1x9mdKWqS6JDoaCxpBtbrh1FX1ReASuNooi4NCezVqAtQ0VaG2s7AKfSCflfGFcqlEyvB+sqrMDmvdpppV1OHHPj+YIFIVaCjnvoOy1bgHzwCqNeqVVeVIlynHVKNrqVew8vh6YsLY3uA1UtFw817gcxyq0KrxtdnSyE5fhNx0myEBayoD1V0J+WGPJHEPL9RdMZTQp77iUNIC1jRpHQJJ6dfIXxQiHAn3jufXEyO+ULui407jfBuycBa6nHcPUc7MrW2PVdWOpeKSpp3UdiASSMasm09zKZVHiDUxJXqWVHxA7nb5nFR5P4wIpLKYFfDjzaAAl1G6wPJQJ3w9w+L2UJLqCy/JITZW7VgPnhu4FuhVUq8ErKVxZkuOo2VxR2H3ylSUlS1b6l9BgzJqkCBlt+jGnpU/IVzFSFlJUFAbadrgDyvvc3vtbm3PX0m6kkGFk1KI+gaPanEha7/ALqT4R8Tf5YqOocT89VN5T0/NtUdUsk7yVAfgDYYIwPtdi7S8N1M4zvIb57rrdyUEKP2oBxocmxk3KpbYub7kY46XmSuSFKck1mY5frrfWb/AJ40O1ae4CXJbygo3N1k48YpHKQHCh5yD5f3XX7tRiJNxUGt/NQGNLtZhJZLj0xCkp6eLHIJnyNVi8v8cZmZJBuX3D5eI4UIJG6g6pwODw4f6v0/uupV5ypbTmmyCPMKvfC9VMzNvSituQOWvbxbWxz43LlkkIfd/wBM4lpdllIW9IeIHYrJwf7xzbOshHgwtddsv0V6s16ktNBc+cy1Y7ErG/w88a6lxzqOXymJlRthTyLXflC6PgEC1/iT8sVLDQ22x7ZNWQAPAk9TiBOqPNBAGkHzwgsBTml4aghfeY5z05IpmrNVUzNVZNYrkoPSpLqnV6dkpKjeyR91IvYDsMLL8i6rDZPXfvjW68tRNl38sa7XTY9cLEdlaoow1oa3QBYqWpZKtVz2ucZIUU2Fz8+2PtISSk7HHrfh3Jwu3Io4Yvfvbjfzx4m17g7/AMcbSEkXFuvc4+Om1rk23x69hZdyAqfTdYBJV64ccrZ0VlnmpUkvMO72B3SfPCXTlBSylRUkEbeuM1PKTrZI8IOxPbA3NDhYhNKuljqGGKTYp7kcUacuUHH48l5sG5SAN/xOF2vcT67XJvM0ojtgBDaE7hCALAD0AA/jhZeIWLEYiONqaWN9uxx5jGtUTHg1JFs35p2oHE3N2XX1SaRVBHcWnQshlCgU3B6KBHYYZI3H/iW2bjMQKlHcrjNE/wC7iqmXHVbBBPwxKbK9B6X88JkpopTd4unrKCltYxg/AK2mPpHcUY6ilNfStJN9KojJH+7fHXv0L+KlU4jZn9jr7LRnQorskvMpCErb2bsU9iCsfHH53QwVuhJUfEfLHan+DwdSOKlYjJIITl91XXuJEcfrhjV00cURMYsVDYzSU7KVxawAjmAv0Ziu2FgLjBWM7674Asq0nYgeeCDMlKN9N8RQJWZTxX2X40xitC9LatO97YnmcARqNz0viNHaCglZvqOPJsdSSVoFlHqbYh5gxx1KtckhJ0RGNUwVqTqF8CKzIUpwrVeytumPRdtIWrY9MQqi/wA5IBt/zwIQsDgQUPNfdCn564y9GnYnqcFKbXKe0kqfhcxe33tr4CVllzSCEk23HfEFDMtooccYdQkqG5BAxLthZI3dJD7Ky41RK2w+wylsKF7dhhH4p1CQqCy2t0nUvp26YdYTZXDbv+yLbYr7iurSIbRuCSo9PhhlQHNWNYTpdO8PeJKpoVcqC1m/S5xn4UCwJB9cfJaWrxk2AxkppJP3jfF6YAFcWnKvA4QLgb4zafJVdVxiRHp86QnVHpkl1N+qWiR+QxjKpFVG6qbJa36qaUP0wvLZdFSGndaFvNpWpTiVKHW3Y4+XVJJRymzy0fspHXEhMB5DY1OA27KFsaFsAGym/mDj1uSSanOdVDKlEatR3PW+PQTa6jjapACgm6hfptjxbCkkbkpOFWC6JQViCpQsDbvjMJcsQo2/XGRTyxubX7YxCxfff449YJwHXWQTfa3Xtjc0gq2A6dzjxIUtV9Pwvic0hDbepWyvhuThJCK2TKvEtaNJSLrUdgMTAlhkhclzUoEGwN7Ym0jLOYao3zY1JdUknwrWjSCPRRsLYNR+FGZ5pJffiRx5FZUfyH64TlLtk3mxGmi994HxSfUaiXiLXA6AYFuOKdULE7nri14/AuXJuVV5KLHcCOTf/aGM5HAGr2vFrUZy24C2lJv/ABtg8dLLuAmA4hw5ht2o+v7Kpkq0+FVz3x4pYF7AC5vh/lcEs7R92mosi250P2P+0BgRL4X55jquugSF2/zRSv8AgThZp5f5U/hxqgk9yVp+ISwlWrqrc4zSm+469743zqPUqU5yanBkRlk7JdQUn88aQAB0JHnfAjGWbqTjmZKLtNws7pT7w2+GMNZJIBtY4xWvqq/ytjFItf72rCbI5fYaLch5SFXBIxvU6b8wG+rrtiKlNzYbpB88bkugIKNvS4x42tqgv7yyeBcRqQU3V1xqKbAIVuMZpSsIKkqN77DGDj1hqKTfvhOxTYtYd1jcIsB4R542IWtwhpJ73JxH2cSo9N8bmEp1WSokk9ThZDUlz2tFmqfHUGFFZB2PXHZf+DjuviPmGUqxIoSk3+Mhk/pjjJatLIBJuo3+OOyv8G+sHPWZiDsKMkD/AF7eGFebQOUFizs1M8Bfoeh9I6bjG9D4G2qx8sDW1+ZGN2vb/rbEADoqA6IL8s2qXEZJKUknpuceoiMOXQtFwNvXEeRmajs6l+1pWlJ0q0b2OAdZ4gxaU46hiEt1aG0rFzYKBxdocMo2juxj5KEkrpnnVxReXQWV3LbhR8RfAtWVHXXAFvpA/PA1jiYZVUXThTDy2mC+48FbJHS1rdTfEqj8SaRU1PpaYfHIUUqUUjSSOtt8N5sEpC+4ZY+CLFiM4FiUzwqLBjJQUsalp6KIvvgLnaCH+S0EhICgqwFr4KUqsuVOpx4bDJSl1vnKuN0p7YwzMypdR03PgAxD42I6ClaIxufRO6SZ009nG6kU+HaG0Ep20je2K140QQ21AkX+8tP8MW7TGkmCm9723GK941Riugx3gm+iQBe3mk4pWGz3r2a81YcMflrWeao4lxtOx7+eHPhbR269X9ElAcajNl5SVbg7gD8yMKOgG6QTe+5xb/0fqa269VpZ6pQ0gbddRUf+H88ajSRCR4BVnxqf2OgklboQPVPqaW2ykJbaFkjYAdManIKSSFJv8tjhschgeK3TtiM5BSQbEkeVsSLsPB1WU/xJzjclJU7LVLnpPtdPZd/tIF8Lc7hll2VcNtPRyT/4Tht+Bviz3ICb+Ek4RJtcnO5ydosZ1hESM0FOqUnvYEjV5+ID8cNJKSSPZSFNisrTZryEnTeEtlqVBqygOyXUX/MfywKf4bVxk2bdYcPQeIi/5Yd8pv1GtV+qF6W4IzC/s2+xBJH4Cw/HByty2KJFM2YkqSDYAdSfIfhhoWuBs4KaixypaPeBVVJ4W5pfUCkRkX/ad/5Yms8Ia6oAOzYje/YqV+mLRpsn22I3KDC2kupCglYsoD1xpok+RUc0SqYH9LMRsLI0Dcm3hud+9/xwvKLIh4iqtm2+SUoPCOJTm/bq/WiGkEXDaLA36bm/8MPVEynlKEyiZBpTSnVC6XXU6l/EaunyxnnhJaouuM2wtaXEG0hdm7X79MGcpx5EyjRH5a2XHVNi5ZN2z/ZPla2PR0z5tQNExq8bqHiz3/LReIiqUq1rb/PE+PBt0B367YKpgAb7X9RjcI4TuLnEzTULGDVVyory/moiWAlI0p6HfGwJFrKOwwg51U7O4hUCksS5EdCSVvlBKNV7kC/Q7It3tfDnmOoqolEl1dCAv2VlTukn3rYkmRsaNFHukJ1upYbSu9kn+ePEosNIRe2IeVanJrNME+VHSwHFqDWlesLQDYKv8bj5YKyLsx3HQPcSVG422HfBA0BJzuabITXMu0vMNPdp9VjIeZcHuqA8J8x5H1xy/nXLUjKFfkUZ7UppJ1suWtzGz7p/iD6g46byTmdnOVDFXRDXF+0LakKWFbgA3BHx/LFYfSNitofoskJAWtEhsqt1CSggf7ZxH1sbZIi7mFdeDcTmgrRSOPddfToRqqSUSQQSSSfLGTfTdR2PljNSQr3TuMYI2Xso38rYr+ULYGm41Wdje5Jt5Y8KwLjuOhxs0OLFwkn4dTia9lypooqcwloeyLd5QVqF9Xw644Gl2gXXSMYBmNlBakhOxTcXxtf0LRqCbd7YioIIB1HboCOuMHHFKBKVG3fHC22iBKYjqVqKykk3O5t5YmU9JWVqUD2xBCQTrt16YLwm1JhqdbbK1LOkAY4CouaoDBcrU9LJkWBJ0m1sdu/4OBkHMeaZ4vtTmGzf950kf7pxwm8ZDbyy+w6m2+6D/HHdn+DWdS7Lzkq+7UaCkX7hS3if90YZYkR7M4qGrahk0Dg03XeqFnzucZpcOIaVgd/XGwO6Rso774rgcVWHMuvxmpWsmrMOrJUzISoDzBB/ljfX0lTsd0jZ+JbrvdJxhGbUzmWpx9Wy29e/or/+sbal9pT4L6j/AJF5TR37KH/LGpshA7tlRHvJ1QRx5Ub62kNkhx2K2Unpa19/xtg7kegAx6bT20FRlkKcV5pHiV+O/wCGALv2jC27nxxloUT30nDpwvkKXJo2oXKUOJTvv7hwcQtd7yEZXNHdT1w/hKXmCsvL39mKGED9mxULf7ONteRzJ7vfxdbYncOUKXMr7tr3lq3v31LxjPjhya8bHc4oHHUghbBGPH9FKYPIXyOLjtZbqWD7CkXtbChxcZ5mUZKtP+TUhV/7wH64d6U0BFKRuQemFniiwVZNqY6lKEqH+mnGdUT7VjHD+YKzUj8tUx3iFzbZR3vt54uzgZKapWXK/VnUFaI4S6oAblKELUQPXrilVp0hKSbHub4urhVCdkcLcytRkKW9J9oZQBtqJYAH5q/PG04WwmYeRVm4tkDcKfbmR6pne4ne2RMvzqVRnHE1+UqOht9WhbYSrSVG174fA0m11YrGNl+uJZyGz7No9iccclLTpIa8SSAd9yQCLi/UnCBxnzxmd3MMrLaZ5ZhwpaVNcrwLvo7qG5947fyxZMzGAZyshhgkqMxiPui58r2XRvsiVI2I9NuuK/VQlzK1WpMxiAYjbatBa0c5RTbZZBJHTvbtixaXHUI+lSyrQAnfCZRJJkVrNjUCnUxKYqXAtTUY63nSV25hvZfuquLd+uI+iqo8VgE7BYG/00SJHPpXWukCiNTWOG9ZrDboEh6WUNvpOkpQeWnYjfbUq3fA2s/WJydRRPfkS3ZUpawtRKisJJSLX3+8MWMxFnVPh6tM2IzCe9ruUsxCyCAsEEJG9z54hKkS4CMpxLRZrUmS4yFyYutxBD4TrBO4O4+Yw5NCxzbJbcRex2mqhPVeZBzVFypEhIKFsJcXcKUpAsryPknqfPGvLtTbNezE/Gpw5lPQ6pbgChr0EgpUrondPl59bYPy4rTHFph7mNk8nSoa9wktHqB03ItfAqlRGw5ntC5BaacDshS23QlQKXHlbEdB1B/54C3CmZjmN0V2KucNlvhuDiJlGRKrLbNFiiShvmOPBQWEqBN72sb2AvjbmytyssNZbo2UamsJlIWhK2kMuJUhGkalBfa6uxHfY4m5Co8Sp8Pm4K3JCG2piytDdwVWUDp89JCh+OAfFSiMQqhlOlF5C1MKX9q8kE6S4i2oDoAbC/pvffDltKIm2amxq3SSWcVcUhnQw64SUpCSVWOwHnfFYZMzCqh5HlZjmMuvcpQQtsPgJVoG5RrPvHVuL72FsWxUg8mnSSw2HHNCilKr2JsdjbfFNZprftuQJK3KKmEWJrBQzy/A8FCwISobC3x93BbWSWyZmm6ky6mxmLNeVKtGQtCZbIfQ08QFBB1k7C+9gbfAYbc8Q2ahlidHdeQwnQFcx1wtpSQoEaiO23wwmUipTo8nKVPitRT7RDae5i2AdKSVF1KT906QRt5euDeYcxRcw5azRTYyX2Xacw806pYFlKTrF02JJF2z5Hpjh1SiTcAI/k1LMXLNOZbktSEJaAS42vUhW53BHUYIVaUEU2UtAOzS1fGwOK2p+eafkXh/RZNTiynkPPORSGdJUlzmOE31KAt4T3xqpS78TswRW+byZVPDoBWSFEhokWJtfxHHg/kklrr3ujPCl8jK/ICNOh925AO6iQo/LxDCZ9IhRLNE1LKhqkgX/wDTwWyhnXLmV8hOVnRNchMyyy4stJKytRFt7gKHiA6/pgDx1qLNVpGW6kwlSWpKHnkahYlKksqFx52OG9VZsDlY+Gpb4vF5n0KqBG33xbrj4kqPgBJJ2xiQTc9LeeD4nUXJEGLUanTk1asz082HT3DZppq5CXnbbm5B0p7gX264r8URndlbotirMUjw2AzTHTkOZKP8Ma7By/OfdrMR9yO+lKUKDAWhtYPvEnptfp54F1uXCcq0mj0Wc7GpLkkqKXl3b1XtquO1rW7264gu8Q+Ks6y263HpzQ91iLGaShI8t0k2+JOMXc/Zn8P9JKTSq00PfKowaet6KQBb5g4K5rWNyNcquMakmnNS6B4BHW402NrbqVnPJ7+U32UqmIfZkgqaWkEEp9cKyzpJF/nhqcNOztEdk5aqE1Utga3qTMXqfSB1U2rotI2G2/p0GEx8uIKg4CkjYgixGBTU5Bu3ZTGHVrauK4eCefL6L1ySlsWQb/HE2LJmCKlcV4hV7m2Aj6tKSQcMGUQJEZYvchdrYEI9dUDFZ8kVr7rFMyYk8yWp1wE9FdDiwcrcZ6rlijqosCm0otqWFcx6A06sJAPh8STtc3v1HYjEJvLzctsXQCD6YXq5lCfTXNTLSltK7pHTDn2KKZtiFnVbWTxu0cntvjJmOPINRoFTmUaaFBQXTpbjCFfFAVb8LD0xfvCT6dGeqSWYWeLV+IkhKy5ZEgDuUuDqf7QPxGOO40OUkApjrSu+5V0IwbpsV1p3UCq57eeGFRhEJYRZCpcQne+ztQmWeEN5xjEWtMjKuf7mr9MfSRqoU4dTGeQ4PxtiPWFlNdy6/cguBIG37SCLfngkptK4NYQbEcgrAA6kb4uAFr331VYdKAB/nNLadAfTr3GtSLdiFJ2P44ZOGSizMpaVr3ZfdQT33B/5YV1r1R0yUk25TL9rdD3wxZMWY9cQ0FbNz0K36WURvhcYy6FCkcDdXJw4SpK64vfxS1m/zJ/XG2U2lTri97knGHD24+uwO0lX64kLQklSja+oj88Zhx+fvogOhKlsHNnOPkttMaswQlJuDc4B8QI/PylVUAbmK5/u4ZqU2eU4m1je2BucGFLy9U0j70R4C/fwHGZQS5ahvmPVWeJ2WRp8R6rkdYAUdzYHp1xefDIR2uEFcflpcUwp2QFhCglRSWmxYE9OvXFHrSAtQAtv+OL6yKlLXA6quruElb9z8QgWxvmDX7XTorNxmcuEnxc1SozFJEvI7pTJjmIl0R46Ec7WF6UBalggAHwquAfe7YpzizqXxHqCUpKgZ4T/AAGLsYjsu17h4lpRTzIBcSepvyQojyHT5b+WCp4HUaoZxl5orT4mtyHFvpjlNtCyQQbg72tifqYTIAGDb9lmGF1kVM2YTOtmaQNN9QnylMfYLSbdbYQY8d+gIznW4tQivtqQ6oIjO811DmpZClAe6E6j67HyxaMaGhttWhRAPphBo1K9kazeKxTHW4sxLqlBspOtH2uoDfrZY67b4jsCoJcNomU83vC+3iSo+qnbM8ubslfVIkcKVyJciVKdkyA2sOrLq3buBISi/mLbbd8SGI1OgUfKUKoxJSJS3SmKpGj7NS3kkFQN+6k/CxwSMqgQuH0V1ulvOwROWlHtagjT4l+M8u9wDdNu/wAMRJLEOVW8mORoyoovzW2AfAhKnUquPiRcDE1YixugBwOnmpylwzxJkIiUqOqckNtOvF1fMLRZBK7X0bCybWv088A+HTdLWvOKKwUpj89aZCHjYFrU9qvvexBwfgwRK4uVFRdWlxuJrSE307IaA1AHf3r2PXbAHLAiKy3nAGxlKaWXlIBIN0rF7nsTfe9+p7YUwa3QZHENt5IxOo9LmZJMTKsynQXPak3Wp5xppLlvGDfxXKDaxHe/UDGqfllqfUMvSE1V2HGisBoliJ7bHkBS0nllxV9KQU7EgbG98aWMu1DNHD2mw+YWXnpa5T8gXUVJSlaQTYbnZAHokY9zalbGdMr0GJoiMsojKfUyt5oI1vaEITywRZRBAC9r2udzhbmC1wF5sjr6HVP8nM1ElOy6Iia43LaS4VJS34khIuT4gU/j1xWVWgIruS5/9GGpVQfflxlOMhkNXGytKU7C1jfw/EbYb6bFTPzXXFrrFPcPs0iOEJlKWthJUkbtlVgBpGo2G4AGAElyJl7h3Or8GXSa009PbOsoUpDQsE7AFJCh1ABFgeuAPjcUtkmmUoQql1lmr5Lbkx3Yq48ZDbmtKRpXexQR03GwP64nwKQEVDNodcjvRZDbi324j+p1KgV6goEeFSgpXz/HBhT1GqEvJ1aqsWWuY6y0WER1pdbQXCANWs6rXPW5O1rkjGLGV6iZ2dx7I3pqrTqWFNOoWFbOCygDcKOobEdiO2PNZ1RnTHLYKvc8/VUzIVMdpVJVCiJqKi1HLgJcIDgUoquT71+pvt8MN1GTQItbdqcyovoqLdKQ68lSbNIZS22VEqtYkEgmxA36bYB5ugzqHkSh052I+w6iQ+rShIWQgqWdSgBYe+nb8fLBGitOniXX6eltJQKchoFSbpCeWxpUfMHbYftehOCNjDTcpD5MzdEs12d9ccHlyZkdhorqDaVtMMpbSsjSSLDa9+/pgTxV8WQsmyFA7Rgnci/iaasNv7JwwV6FTYvDadT6HPkVBUOW0HECMQQ6SEqFinfwk9L9sAOIjC3eE+V3ylepD3LUFo0lKtC7i3axQR8sNaxl4XeSneGZLYpCQfxfoVVjLiXX0IWrwqUAb4084VvNVXqroCkpfLbQP3G0nSgfJKQPljDSpshQNrb400haW8xOxXPAmpH7I7AF0npf1ufmRittJDXNG61LG7CSCaT3A7Xpc7E/FHX67RqRZp2nSKjKWLhltzlpQPNSrE/IfljWxmfLNSe9mkRX6M+s2QXl81g+hVa6fmLeoxrT7JQc0Rp1cYX9XuBcSZb3m0LBTrHqkkK/u274wzNlR6h1B2mTih0EBxl9G6Hm1bpcSehBG+2FxsYYQ8i/XqEwa+qqquSOKXKW2LW20IX1So8ynSk1OC4qLPjKDrLjfW43BB6EH88ScxrardPh5rYjhozQpqahIsluWj3wPIKBSsD1OImXqjIAGWZ6y4lKSqA4o7p7qb+B3I9b+eJMBDkcVijKF48xpMtCT915pVrjyJQtY/8AgYXC4AGInQ7JqyYx1IqWjK4HK8efNK0i2knf4YJZNnmPUPZXFWS77vx8sRp0VbQBUD4je2MaJFpj9XZYqkiQyl0hLSmPe5hIt2OA2sVJ4s4OgLzyV10lQAFydO1u+D6lxnmuWsA288VXQ8/xIbi6fVUOgsuFvnoFwbG1yOow6xapDntJejS7oXvfpcYeRm4uFRKnM6znDQqZJp8V9y6Wwe97YgLpzQcKmwAfUYIsr0nS2oqBO588b1Mkp1BBN/MdccdCXapsKgRnulLNVQVzcsBW5Jjg/HocForYUittdvZHLDvcYH11tX17lhpAuUCPdPnYE/jgtHADNceUD4IixYHzIF8TQALiRtqq2QAwA/5qkhoFyE02fvU9RIt10qA/XBWhSktVkr1KJcisv/E7fzwNjNFyLEJGztLdeG/bWP5/liTSUhVVp6QpKf8AFKFX6XsB+eCaC11xx1Nlf+Q1NiRXkJJIUWnUm3UKCsbdeo6QL2J3wGyHN/r7jSLlUimtOqHqnb9cGI5CirffV0xlP2hgieJx6H1U3ghsHX8EWpCfs16j3xHzM2DRZ4PQxnb/AA0nEmgpeUHObYb7bY1Zo+zoVQXc2RGdJ9bIOMsje01AHiFYQe823ULj90DUb3Bv0x0Zw4y3MzFwYNGiLaQ7NdcCVO30WDgve29rJOOfFsuqdWhCVFWrsMdecFIHI4a0UEEKWh1w/N5ePoTAWgP06KxcbyAYYB+YehQM5AqrGacpuMMgwqLDLbz6XAlOvSRYIuCegtt3374sdqO4kEXO5wRTH3KiPnjNDfTfFqAWNPcoPs76GXVN/aLSkqSkmwJtsL9sVjHy9NomVs3ypUd5j2gK0NvOpVcWN90nTa6iL3vbri4FNIUwttxIUlaSFJUNiD1v8sVFkKLIayXV5UtcBiOt5AUicCGgClJAUb3AOtFu/wCOO2AK5mJabeChSXY1L4WUVqoQ2pMd+Wtp0uuqabSVKeIKlJV7twBubWPwxprKA/nHJjU5SWmVsR1CM0suArKiRZfcXSkXJ3HzOLAOS4ubcsUdsS2I7UZYkj2NIUypWlQui/bxKIJv1v1wGqVPah8TctwC6t12PBS0t1ZA1BKXrEjsokdvPHtl4P0031QHLaVucWsx1F5zkx4TSlFTiygBCUthSib2IHYHYAE9QMLeTZU9jh/nB1cLSw34UuqUVAE7csXJ1BKVAgjrq9cXTCyBDpdTrOYZMlUv6xacDjTrQKUtkglPqLJAthf4UZdplWyTPhTYzciHLmkltd90htkgK9QU4WBskmQWPwSpTIyZmQqC27VYkF1K1qS07MMcvNqKwUahYgkKGwG2298aMySXmM85Ry3LfUl8inLUfaVfbKbe1K67GxR33N/hh4ztSafDjRaGzPi0uHyVobbU6WiUJ96yrG6QFDbbrjTVcgyanmmj5jbksJZpi0KKeUkqWlKTYBVrjxEG1+2CgENsE3a8ZrlR26RJhVbMFU9iYsuHIHNedYQwSSCkLUgJcTexvq6AHfvhLzjFq7PDkOS3o0lx+tJcbDMtDjQZDJCUlajbYg7XJvbc435ep9RX/Tlx3WES476WLpCbpccXex9PXfy74JLyDU8w5DbotHZjxgiqOSnU8oJTYNEJ8Gve5Kdr+V+mEuF9AjB2XQnotDS9NbyRFeYCkKpNNU+pd0gLU59noCNtQVqv92xG+PZ9KzTSqLneY7R1pjT5RW0+UoJcYVJWFDTe9tCzcncDcXw0rpogZnyzl1xsuO06JHstC1ob0oBQVhHLULXAG6xsQPK77nZqOnKc52ZCTKabbClsFehLgChsTY7ee24uO+BvbY6JTZAFz3nVmC1wkoD7z7yHEOPGPyXHElShzSEkpSq4NhsbA97YZqRSmXc+SKoVTm1yYiV8lURSGrBDSCQ7fSseEG1u/piyqJFoWZstU+f9URmGSFqbYQkaGlBaknTYDYkE9B1wqqg5kRxLlTC3MXREspaSA/8AYpc5aSToJ3N+4Btv6461nUrxnH4VWFLiRXOGOY4s2OHksVL2ZZZQQpxQUyB3B95XW42N8As5x1ucDqU4tpaTHqa0gKSQoIC5CQCCSRtbqcWTlTLmXKpS8w5RadqD7C5iVylPMpb8WoeFJSTcfZj8b4D8ZMtQMucKl0ymNFuPHltrCR+8tV/zVgU8ZdE63QqbwKYNxSD/AHBc0gFYIsPwxJzNEoMLLsGmMxXZlfqNpSXUuFKIbIWUgEdFFWlXwBv5X0EBKrAGx6YwZdMjNUVTib64paST90pB/QYqkD2xlznC5AWwcRMc+laxhsHOAPkprTlRrEIRMwMKckpTp9oFjzUjoVeavXv336k6JmqnU+mpyhxAgyJdJaP9RnxwPaIP7u/vN/u9vI7AYnMlGosn2er0aZMQ4m4XGdCVNgdTpIIV+IwV+p6dX4a6jlqW1VoaR9qlCbPsD/zGj4h8RcbXvjkb5mgytbcHl/ZQEzKcPbSiXLKz3XfpfmhOZchSfq5WZMp1Zis02MOcJcVXjZtv40dUEW38vTGlmU29Ial2A5kdy4v0JQf1xBkZfkw1PSKDUHobryFNOhtwpS4gggpVbqCD0ONXtDVPbairkIU+hkhxI3tcbYUJY3lrmCxB1CQ5lYZj7UBcgAEc9fVaJBCyVe8QLb4m5VVDhGVXZOZokIMcxv2VaAXnToukp/vEdPI4GgOKGojqb2GPkyMrN0qVDqtDlLqJK1sSWnSNJI8IKb2IB/jhLz23d6+Sf40ZBSgNF9UGDTikFaVE38++LL4Y1Nl+KqDLKdbatO56jCLOcoyJi26FIluw9CSlUkBK9VvEO2wOCGV57VPqQW4vSFi2DMJiOgUVUsZU0OYC1lfcSkxniOWSnbscSjSS1st5RAwq0fNscNj7ZO3Tfrhmj1xqSApK0kkeeHzZWkKnPjN9Ch8qjQDMh1eXJW39WNunkqSCpQbSUXvfzN8Yx40eQuVCWHdFTQpIcFhy0pTrP5DFnq4f0p9OmQHXFKQtJUtV1HV1J/THpyJTitoXdS200poISqw3Tp1HzVbucSIaR7ygS8uCqKLlSCG4BVIkpBp7kU6kp+zSk7k26k8s9PXGMLLtG9vpYqDklpSaeY6grTpQGkkkkje+xO3li5Bw+pQaSULfu3HWwjUsEeIKBWdtz41fjiOzkGlMtMokKckuMMOscxwDUeYbrVfzP5XOCtykahDzlqXcjyIUyvQ3KbqWy7SSpKzsSnWAL+R9MHKcNMh3Uo7LPX44N5fyhTqGAqO2pbqGynmuG67E6iL/ABwBZcCZzyO4cI9MZj9okZJhPn+isHD7gS8DlZNVDKXEOlo30m2NeaGv8Q1EadzFd2PfwHG/LCdnBa3c425oZP1LUbE3MV61u50HGQRuAqQD1HqrAXWkA8QuMlPutyFJbVpOu3547P4WAf0CoSEW0mC0u47lQur8yR8scWOn7QiwtckHHTn0d8+Q51FaypPnNtyae2osIUd3WyoqNj3Kb9B2x9EYBIGPseYVn45o5Z8NbJEL5SCfK1rq6QnSBjwaVLNwQTjaQkjUknHgAN9WLeGk6rFXuXvLLqFNgkEi1xhGzfk+m5a4cTaRT1OttvOxy44VFairmtgqtfyT0GLCjJCiDgmqFFktoQ+0lYQoKAULgKBuD8seLNEgO1SvkmMprKNIbVqK/YWCbjckoBJOF6bErlQ4jwmV0ZtFPaGsynIaVklIUQEu9Ukm3wudr4s8Npv03xsQy2fEB0PUjAi24RQ4A3QStAxqFUH9hyojyyTsNkE74VOE1MgIy05MhxCwXXeW4OatYUUC2oavduSdsPOYIbk2jTKfGIS5KYcZSo9ElSSm5+F8DMkZYkZWy43SJcpp9xDjiypsEJAUokAA4VmDd0JwLkjcU8tya2uF7GtBUgOpKVvJbBCii5soi5GnbDWhtsNgAHbpisePrcORmOhxnd3GmVOpHL1bFxI33vYlIG1uuLTUPEq3S5wdruYCbvYQAhtLyzQqW667ChJaW+NK7rUsFN72sokAfDBKHT4VOaLMKK0whSy4UNICQVHqbDvjJKTfuAMbkknYE4URfkuZjtdVpU4dQd4yU+eI7hYQyGkuWTZCeWokdb7kq6b7m+2G3iYtTmQ6syCUhTKUkm/TWm/5Xxi/lBx7NjWaBVlJ5YAEcsJVsEkWC+oBuT0vud8HKnToVZiKgTmw5HWUlaD0XYg2PmNtxhu5rjcJ4xzdCgvDpKnMj0UOK3TDbSbm99It+mC8pgFJsn8MSoMaJAjIhQY7bDLQshtpAQlI8gBsMfPjUCUpF74EGOBRHEEqouFbITOzKnUFK9uuQDfopxO5v+6T/PET6QDF+GlSV+y7HI/1qf54f8t5PjZadnykSnXn6k9znybaQdSyNI7bLt1PTCF9I+YzC4bS2HFjmTZLDLY8yFhZI+SDhcw+4dc8lKYLd+KwBv8AO31C5EcWblO5OJc+mtw4dBlMFSqpNkOSUt38KIyCUeLvdSkrt6JxoslWwO47nEqLIcfzA46vxexQWmmx+712+ZP44qEZawPcRcgLa+IsxhjgabZnC/kNVtrNARVShxbq2lpBCSm464BUDK9QiZojU+JVXYMyUvlwZjaimz59xCrbgKVZNx01eWC8jiLnRhUUUquxprEhC1u0oRELajpStSEoWCN1EJ1XBBsoG++Mq7UVSG6fVkxEwnlTGlhtJNmyFBR0k72Fv+uuDMa+mczMb33HRUmpdT4qJC1hDmc+ttNVi9n2toQpNfy/Aqbw2MlJVHdP9oo8J+Om+FhchcuQ7LcYS0XllehJJCB2Tc7mw2wUqjwkyJEgq2ccUoX9TfApdhcW6Y5PNdxGUeatdFhDYcsheSLbE6BSF1EMsrURfSL4Zajw5rURSnlVmjupSjmKIfUAkeu2El9xJQpJ7jrfEpvN0KLQVU5mI8ZamVRism6SlSr3+O/5YjpWTPAMO99Uxx2ompsnZOsOe36rUhwO2cUkJB7eWIdRW8pSfZ7kg9seNB1SE38PngpT2EqWNXi+OHVizUJhJXtfBkJ1IWFNXXLizlgPXDvQKjVGFAuuKV06HGmlwEE7JHoPPDDEppQtK+Xjj5idlC5WDkrrjcQqs8gBURlSh5Ej9cTVZ/moIK4SCfK+E5vShfh2Pptje+UkJdUT63GKMeJ8SYe7KfombsJpL2ypza4jG1nYCQfRWPRxDbW4R7DYDcnV1/LCItXNNkp288fNkqXYmwBt8cLHFmJj/wAn0CQcHpP5fqU/L4jR22yfYlkkdlDAeny0SnlykC4cVe3cYX3y2GlJJ3t54mZcfSsaUqsUnENi2KVeLgGpN8u2lt06paKGjJ7PmrMygpS+cknp0xLzYpTWX6m6kg6Ib6jbvZBONOS0FSXVbnpiRnYcvK1YWAbpgSD/AO2rFHAd7Vr1CU5w7YDxC4oedCrgJAJO9sfRJkqE+iTFfcbcQrUlSVEEH441OE9LHY4xCiTpWTjeoAQAWrZmAO7p2VpUz6RHEWlR0RVS4spKAAC+xdVvUgi/zwU/7zWekpuYlOPxaVv/ALWKdF9gg482CrAkWPc4kxiFUzQPKi5eF8HmOZ0DbnwV3xfpS51bG9Kpbih1ulY/grBOP9LLNSRdeXacoDsFOD9cUCFJG6SQTjYlYset+5wT+KVI/EkR8G4K/eAfX910M39L2tptzcqxFn915Sf0OJjX0wZVrO5PT66ZR/VOObVaykKBItva3XGbbmsWKbb4U3E6kndEdwNgTt4Pqf3XS7f0wI5ID+TXrXv4ZQP/AA4IM/S3oa0KL2WZwv1s6jb+eOW3Gw37hBB8hjDxJGxvfHnYlUA2JCCeAMDk2jI+JXR9X4/cLsxvh+uZTlyHEpS2FuNIKgkEkC4Ve1yTb1wYR9Jnh8vZbNQRc73YH88crEhQ8Pzx44lCfcUVDvfbC24vO3omtR9m+DOGgcPiutGfpG8NXibzJjZ/ejH+IOCDXH3hisbZg03/AGmHB+em2ONlKHYE49C7b22JwYY5MNCAoiT7MsLJ7r3j4j9l2i1xv4YrSNWaoySLX8Llr/6O+JH/AGz8Mlbf0xg7m1ypSf4jHE6lkKsFEDGJJPi1EG/cdcKGOP5sQh9mdBv2rvp+y7dRxk4ak2Rm6CfTWf5Y2/8Aa/w4c2Tm+B1/zhH8RjiHmk32vjDmEq3UQMcOOHm1LH2ZUXKZ30XaNY41cNqVGXIXmaLIKRcNxvtVq+AH62xy7xa4oTeJVYTIDK4tOiBSIkZRuRe2paiOqjYegsB8U5xYAUrrfbriMVj7w2w3qcWkqW5ALBTWDcE0ODTe0NJe/kTy8gvW21LUltAuXCAB5k4kJ9nRnCcmgx3XqW019XrkrWPt3UEanQOySobDyseptiGHHNSVsatYUNNh37YNU8z8jvIyZnumtwEVD+uQJaikPRis+66Ab8tVtwoXTfUNrjA6ZnaRSANuU24rlED6cyOszNrbe/L4JaiJl5Ur8mciiJqkV9CkLYKyg2JBuFDcEEDex2JFt8EYWZcr5jrwZzsmXlalsNERExGFShziRdbxV4lbfspHwG5LFNbVFfcbcaQXk38B6nENt7KVWd+r5dQTTZSxYM1NkIacP7rwKk/6WnA4qyzhmZeyrdfhscH3kU5YCb9W39Pmt2YOG0qHRFZly1WIeYqIPfmQVAln0dRclB/h3tivZSkthRO2G9cfMHDKtuVvK764b7CtMqGsksyWu6Fp6LSR/MEGxwu8QI8NytLkUVsMwJzbU2O0D/k0OoSvR/dKin+7hy+COdvaRaa6jon1JjtRAx0NaAXAXDhs4JXkStdwCcYsuyC3y0pJSPIWxMi0srN1JJ38sFGacAm2kgX6WwqOnaBZU3EsefUO8EGbiSHSCFqF/XDNl+K4VhoKKjfriZAy3NlI5jUezX+cXZKdvj1+WGjK2WnPaUvLUFNnwgjoT6YO+n7hJCgWYgXyAAqfR6eoNglu/qe+GqFS1KTrUnZXTvglT6Iy0kJPQemDnKZabCdAPyxGmlvqp3227bITHcWVKUdrdMb1uB9tTaDc9ScYoUFJuny6jGlsLaeVZJt8MZJLZ2imM2uqntIs0B1ONbjQTddrE72PTHj0ktJCh8TiIueZCVNtAaj69MAylxSgAVBn1FLGoFY+RxoyhXCusLiEnSvpv3/+MbJNILqS4q+o+uAceBKps9ExCCFIWFHtcA4kIIonscwnUhcyEatXTnD5K3GHE7kbWxL4gsqRlCuqF9qZKP8A7SsDOFE5uZGckNr1IOn5HuMMmfW0OZNroCjc06Vb0PKVbFVhpc9WL73CjZJQ2pb5hcFSFELUDtv54jp2X4Sb+uHPLuTIGZ35SJGZWKe4woENrYccKwe/hGw+OGJHBSGpHOOe6Rc+6FNuJJ+Nxtj6ApcMqpow9jdCtMn4nwmglMM8wa4bjX9lWfMSBpTj0KQq+pRA9Rix3eDbIc0N58yze1yFyyn9L4jOcIpCSdOdsqkHa/1kAPzAwR2E1YPuFKZxhgz9RUN+aQEAave79sSQlIIAJvhzTwerDi7NZly24b/cqjf44mM8EM2rAVHqVCc8rVJvfAjhlU38BT6m4qwhx1qWf8gkE3Isk3JxJbjquEpTvte464fW+B+fmV60x4Kye6JzJ/4sSVcIM9JstulNrUBayZLXX/SxxuH1HNhUgeIcLcLtqGH/ANgk5qFHYp0v2yKXHnNAYcDlg2Qq6iR9642t63wLUypBspBF/Triz4vCfPynECXQHi2TclDrSreuysEs8cLq1Oqi/wCjWVah7GkIDZLaUFR0DUSL/tX74kI8MkliLnAC3LmUFuPULZAO2ab/AJhb1VNFCBcqBTbEdw7nSrbD1K4UcQkeJzKdRUFfst3/AIYGv8Nc8t6teVqkn/7Zf8sR8lFK38JUj/GKGRukrf8AkP3SqRq26+oxirTuk3wwryBnFs3cy3VAD5RXP0GNTmSc0pAvl2pj4xXP5YbmnlH4T8kE11K7aQfMICsXsBc4+HiFiT18sF15VzC2Dqok8eY9mXt+WNBoVWbUQulyx8WVb/lhPYyDcLraiE7PHzQ4mxAJNvTH2zdyVEk+WJj1Mmt7uRHkb2uWzbEWRFkoNnGnEn1SQDhORw5IomYNnBaVr1DT27XxFeXrUG7XsenbG964GnSb4j+K10gX9RhOV3Re7VpRegVhnLbkrMhaQ4/S2FPw0OJ1JMokIaJHcJUsLt+5jOi5EqGaJL8l6JLq9VkAyZThUXHVEnxKPzOBsqkuvZWqVWVKQ2iO7GYbbIuX3nFkpQn4JQtR9E+uNmbhMmQWp1GclR1trDqEIWQofhvcYfGR0UMbAbBxNys/xtrKivlkLe0MbBYcgd0WkQqxTCllD77MynnSyVo+0QR91QUN/KxG42xhETlfiJHMNjlQK0LhymPOaUPLHVUZatv/AE1HULGxVjTlfirxBqrsfLdRjZcrEm6WY0jMDA5rZ6JSHStN9ztqJxMq/AXiHTKS9VK3l1xIY1OvLbdbWpPdStKSTbv06b4cxUbI/vB3h4bhVg4j7e9sMYEZGhDiMrugHP8AZYycs5rp1EkQ6xEnCLTo61NuSmFILLQBOgqVsQDsketh2GEmStMqPFSdvZ2ENAn0GN0pFckMIgzcx1KREQQUxnZS1tC3Twk22+GMUsFAv2G2+BmSOIERuOu/JTtBh1QZM1TGGtaCAAb7o5lnLEnMKLU91jmJ3WhSwlVvMDv8sOzeW6Xl6MqImEKjUXLFKlNayPIBPQD1OKviz5tKfEmBIU0tO40nFo5Iz5madDEpWVHZKNRTz4+yVkbHYj9cSFHXwQsJcO91Oyz7ifheaOpDo5bQnlsfK6mUbKFTqcgSq9EdABs20TZCR6j9MOkLLcaApD0lxHg3QhOwSPK2FDMnFes0eOFu5SlRkLXy0uvrATqO/QXP5jCWniXmSqTEokSm22yeiG7fmbnHHz9qMzjddw7CB2ZdABpuVeLj7KiSkoSB3JtYYwEmKpQSHNfqN8VzBSaw2lL8lxSjuCVXscGoUWp0sjWhx1ofeSbm3wwhxI2Td7g12Uo5AF7BaRb7xxKlMBsFxsar9L4C5aq7M6C08hQ16RqF+vrg6qQ2tkgmxxh1XEYpC3orKx+bVBpKyU6LmxxugRktNja99zfEaWQpzrtq6A4KROWUJGk3PfHGktZ5ozTqpKI6XABYb40z6UlTfN20772wVht3UE2J3waTAEhvSpCSn1GGU0/ZEFEa43RPgs0Y0SY2Qbc7UkHyKQD/AAGHzPBSck11aDuKbK3O3/hKwucPoDcR6U1awNtsH8+trcyFmBDdgfquVbzvyVYbw1DX1Yd1IULUWNUB4hc48B5lVpsbOr9NaW5MRDjFm2n3tbg6q2798XRX811zLfDGl12c88qc480iVdtsuAL1EpG2k2IAvbcDtilOBkqVTo2d3mn1NOJpKHUOBIVo0uEE7/2rfPFt5lps6r8IqPCiTGlyZkhuQhUhaEEpOtRAJIFxqA88fV2CEGgj8v1VM44YP45MPEegTPVXXKRArFaTHjrqUejwLuqjiy3C49fY+ZPTtthamZmzXGj5Siij0aRIzItRfdXCKksNqcQlBISdiOZvfuMOmaqa27DrkSfO0tog09bzjg98B163S1jqSMRZ6BUjkyPEdjqjJYabbkqa8QcS4lJO5BsdKvibYmAAVTWlw0dulQ5u5lRzwhOXqCpnKrEhTQXEBW8tJUG+/S6CD6lPTEuHmZRyxQa0vh7Q311yS8htblOSUtspCQhbgRfTdeobnpY+ePpeTjSYvE6qTIzKvrcOpZKT9qGlOu6xtukEKR+A8sG8s5YnryLkqLEfMaGy2VySvXqeSVptuk+G6QrseowJzb6JwJQzUeH90Tm0nLtbrWYMqNZBy621T6e685ITERrWeQD4AEbELWO42HnhzzHwpydlvJMupxsgUaW/ToBcQyqG2C6pCOhVpJubevXGMaGxHr1fmx6eWQYD6XH1JX9uA2B1vpJ2T+GLbzc5EbyXUDKjJfaDFnG1LKdQuARcbjCmwLgrXDmubolJyY9w+h5vn8K6DCfkzDFW06wQhoAr8RKUaj7nYd/TBqp5Y4V5fyrGr1byhRkvTGObHTEQ5y3rgFCUrIFioKT71tzhwqE+mP5AiNLywHKf7WpJYVJV47hRCkqsdQ3WCDaxGF7i1TvaGMpQmStqEUskxA+eWoa2QhJ/a032J7XPbHnUxtdKbiDnbmyr6nZIy5UuNjtNFNfRRF5QYqTcJMp0NJkLk6QvZXXRt1tgbQqDRK/mDMUVGX2Pqqis81EuPMltrWs3KUFCl36IXcjbYeeLKpUqS99ImttEAoYyrEbCdHhF5Kj0/TClwdy861FzqtRLDMxRUClJ5TQ0uEqvbtr6eQwUU42SXVz+ZKV8nQst5qytW84PZbmRYVKaWtpCK7LcU6pttS3Ekak6duXbY+8fLGrLVEo2dOH1fzZFpVXo6I0SUYim6/JdXzG2lkk+MaSFBO1t8WRw6yDDicO8xZaiVOM97Q28lx9pKtSeYxoSVAoSbWFwbG++CuSsi0rL/Cmv0aHNYmJ5E5brzJuVLWyb6hpTYgAC1ugwL2UXsUX+ISa5XFDWOCmVlMI+2rgIABWmsyyq/nu4d8VjmzKzWVshUKtRa3XXpVSmtw3X5VZf0JCkuKLhSL/5sbDbc464NIZZbFhv3xzhxopQc4F5eUzNENRdiPBSrgKuw4dNwNjvcHptvhrNTBPafEpS4XcbJDrrczL1QyXTHDWnZmaGkl5r6/KAy4pSAAhRQQq5X02+OMM50x3J7dXmuZgzPUwitsUqBEbkMJWQuI06blTKtR1rWOnSw69WriBREq4g8KQ0pbbcVDa0NvIIUbKbO99wrwfywO4iq5VRiyHG3FLZzi25ZIvfSyz4bDqSnt3wARtabEBPW18z7Fryl1+nwjUa/SxVsxrcoMF2ZIVzYtitDSF6LCPq312uAenS+wpbPU2qVjL1Aqk1qpwROkzUiLNW2u6WgzpcSpLLZ3Lqh3Hh63x0bMhUZ1XEeFGnrkyZcRTktqQyWY8caXPDzQQCDrO9wQE+htQ3ErSMmZGbblMSG4i6xHs1YhqzzSgklKlA7KuDfoR5Ya4gwNgcWjkrNwlWTSYrC1zzbMOvQqvXFKtRqdzfslVFbq0nuvQgN/wV+Jw0t1nhzCUKfmabWYUtd1c5iMh6OlPQXGoLv52GAdRTEXlSJDiMNGq1CtIDLyveZbabvtbcalOj46fTbKp0eY8+1LjvciYwSQ6EBQsRYix2I+OKXOGsdG6XUWK1KqdUvqKqOiNn3ab6dBcao3UOHsLMtOkVTLdUpVYiIaUpTzMhDa2wBfxtu6VJPyI9cK9IezVTeTmml5kqa6q2A8HHJClhYG+lQPvJsLEG4wJkUOV7X7VUaLGnJV74jKEVSvXwjSD8BgjRM3zqXl5ylqyjFmLUHY0ec86tLjPYhSAQlak3uLgdr3w7YWkD2R1utzoqzK6WSXLicF3WsMosb9Trr8FlXFQ35ypkFkNR5aUSm2gbhoOJC9H93Vp+WBLpABGrpvjNtK247ba1KJSkDrtiLLeS2DcjDKZwLyQtApC5tMztN7BaJDyQm/QHtglR63V4NOLSMzS4ENbpS00wVbrPUmxFsL0h0u3S1dR8hvfGyCKq3dptpJSpWocwbJPngRGYWCr+Nhs7APFbajVa09Ndi1KovSw2u4K1lQI7Hc43QJK0OpcSlR8vTBGnZVdkuqflOKcWs3VthypGTWUhJQz4jvvg7p+6AeSh6ZrKdhHVfZZq62lI5gKQSOoxcWWp8OWlCHlJJtuDvhGg5aCFDWyCDt4hgi1Bk09fOiOKQQenY47FXOjOrVDVlFHNq02KVMhyHEQQW1lKk+eN1SrdYg1VRDy1xVLHqBfyxFpahTmQhoWNrA2xCrj81rlv8sq1kiyth54pssMc9QXOaCCgRyvYbckzxKi9MWVOK0hJ+OHOI4VR0FJJ6YqR6vvUuA1UDGUoSTpA6Dbriy8vShMpjEpJ2cQFW8tsROKUrIIw5o0unsUxe6yb6UkqtY9OuGaOyAgAna9/jhcomy0gq3Udge+G6M3zjZQ2A288U6uenlymTJbbZdeUkbeeJHEZRayJmBerTamSiD/6Sse5HYLftGpW19r9RjHiqsN8PMxLtsKbI/NBH64jaV16phaeY9Qop/erWgdR6hc+/R4pq65W800kNsumfQlt8p4kNqu63YKKdwLnti3OI9HapnCqmUrN7D7HImNNocpSeeGlDVouXLGxGxPnileAcySxU82vRJC2Hm8sy1tuhVihQcasq/a2Og6nRZWdeCtN1VFxK5ctMlb7mpfKCXXNh95SQBYHuN8fX2BP/wC3xnz9VWOPIy3H5b/l/pTJnWjtV2BmmlPvqiIfh05PPSnVp0vurGxt3FvniTQqjQqQrLFIgRWKhIbp8ZsWYBskLLanEXNwdYWTsbdcRuJECRWcs5oi0l5RXKi00trA+6X1E7H92/rviFR8rZaoWYMjLqdfmR6nFp7TcSI0yFqkOqKy4VLSCAnU4q42Fgd++JcG51VILS0br2kJpmbms5Cr1GU2ll4xkrUpWhDapBOnYGyrgJHofLocRSodsmUqLzHYzYcjEuEXLYdQg3tYXtffr1OGPizDg5e4c1d2JCZil5yMt5xtsDUTIbFzbqd/zwAZzAFLyJQ2Zb6DU6azqIASpSjpVcKt2urfva+HEdnJrKXAd1FA7Jm1TMzSnWw3CYfbADdtVwUgHzN+/piwc5uBeU56XZIjNqCAXCgqCfGnsN8IseZDfqGaGIMINqQXUSFqe1FatZF0i1gNQPfD7nMRk5Yle1sJdYK2gpC1FIILiQNxv1IOHrAHApjI4s0VfVj2eNw8gNw5aZjLk1ZUpAKbKs6QkAi4tt8evfBPNSKUt7LjMqrpiutsMLQVsqWFWKbFShsBdOBOYpLUjKUFqNTExocacsJb1FSlENqN1X72Ue/YYKV/LlYl1nLz8VtqM3E5EVDpeDgACgUqKSQo79rfPHAAAkNcd1OpVJpy+LOYZiWbPCkxmuYAL2vcfHcnA6nS6W3Ssy0mDCQyqPCedeKIZYXflq6gkgmxFsFaFIZXxPzgeYFLixIKCL3Iu1q6YV8ie1DIGZJPsyXFKLiSpZCFFKmQFEg2FgN/x8sFYBfVdkkdYDkp2SmH6jw9nmM1LQ46XWWpCEkuKGkJSpIHisjfb0NsT6dT1U/hxVoa5ftLiWZKS4WlIWSpJICtYvfxWv5WxqypESxwgnr9ucPM55Ibtdq6tJAt3PXr97BqgUttrhfLlFx51UxDi/tVE2srliwO4B0g/PAZBrojQyW3Tm5ASRuNr/rio828PaXmnhjlukVRuUYrLMZ1S2A0VpIYKRdLlr++fd32xeC2gY6z2sScUlxedEDhzlFz7MmzHhWjWFf1YjpcX64AYxzTrOT7qROIz1JkcV8m0eXRFuLdaQ9AlpmllTGlSlHU1oNzdH7W/TthS4hwaChNYlV6qPwUwc1svRnG2C59qILKgCAdh7xv6YsfMP1PTeIeTMuO5aSJDcFJjyVSXAuIlIc+zISClfuWuTuSfLCLxWku02m5inppdMqLLuZUNLjz4xdQf6gxZSQFDcaT17E23ABayxXFwn8E2UgIVemyM5ZzyzGpUyNUZNKW64oyUluQnQEoWgfcV9oPne/mefc5ROdwtpFYKiSmvSIziSoHS4phKibjfcITsfLHRbkQU/jjEi02GlCF0QMuq1HSpobpSkHYKBQjfulNuwGKt4qQ2Wsi5hoFNyREpcCi1CPP9ri1QS0OOqcTHBItqQSHFDc7FtY7YjKuNxhfboVa+G6kRYnA78zfWy55lJddaSlqQ4y406l5l1BIW24OigexwxnPdQhworufMtImRpq1oYqdP0sSHFIsFake4si4v4U9euB1OpUqrVGNTISC7IlvIZbQPvLUqwH4nBjiTEoNGzTl7JUOsIqjlCafRUFNoPLaluLKlIB6G1kg+RTY7i2KdTNMrHmQXYB9VtnFUUFPJFJC7LO8gaHcdT5aLBqoc1Bl0OMzITYEIqEZQA+ISofkSMLMdiZMRVZc4MMSG5nNeiNoKUpS4NnED9m40+nhv1w0zs4UTKzDEebld2quyVEApnKj6ALWAASq5PrhfzLVpU+th9rKcvLyERAwtiS6px14FevUoqQi46W2t4epw2pYTZz/AMP18EwkqSK+KK5dK066aEHc76JcqtRSxdpFyT2GBAmPOeEM6ye6umDUakKmzVoCFLWrdIA3OHOjcJMyVKzjdM5CFb8yUoMi3n4rE/IYLTUTp/dBKh+KOJ5MPqHUrjkA+qrZtuoukhBDYPZKcT4MSoNOBSnFq3+9i3RweZhA/W2aKTHVa6QhxSz8CLD9cSIvD/LVi0iqy5ro+8wyEo+FzfEq3CZGjUWVAk4oErrNeXHwBKD5Qp5qLSFhNin3tsWJS6Ultu5bFwbC4xPyZk5iG0pDLS9IPVYuTh0YoBXuhAFuuI72M5iArHDiBfEM+6Wo1K5wuUWI6bYkv5b0snUi198NsOmBlRUsdPTriTOaDrSW0JB+GFOotLlBkrNdFVGW+FbMqI1KmvrUbdE7DGOcMq0uPLgUxhkpKW3HFEgEAAADUT88WnlVTD1KHLUPD4bDCXnmTTTOkRlxkmYiOQl43JbSb9vnjDY8Vqp60sLjpfQKVLI2+6EiZuypTzTcvtPS2UguAf8A1QU7gfpgfkZ2UzWarl51J5UNxJZvv4FDbf4Wwz8SIK2cl0aqttl00h5h9wdCpIQU/Lcg/jhb4duzqnU6pVpbRQl9TaW9vugH+FxibhkdNRPLzcAn4G/7JNhmBVpUaI284hZICknw4bqeFJWoHtbe+FyhRNS7LJt1v0w0wG0tkBSrn1xSsQf3rc08HVOGTE60SHSL7i2BHGyQiNwzzA5frF5dj5rWlP8AxYZMqISmK6VW3Py/63wm/SIcDHCyqJ3+3djtj/WpV/w4Z4aO0q429XD1TKnb2uJRt/M31CoTgQ2Vzs5BI2OVJ2s2vZGtrURbva+LrzA/Uov0ZMtVCBJBlR5EdaitIKUnW6lSCO4Tcp+V8VR9G+nPVGuZrgRlWdkZXmNNkg++pxkDp8cX9mmkUyLwPo9KzItyRFjSWw8uCEkhepwjZRFwCqx9cfXuBj/oI/I+qq/2hWbj8jT+X0Uni5GchcPM1sUohtTEGjpaU0b2AkWBBPXYHc4YeGmRF5ipGQ85szUtMQKe0pUN1vUVOXWVrC73SSpSu3TbDJNydCznLr2WZSyzHkQaavUlIIGl59QGk7EXQNvLD5SaQxlagRaY0rUzT46GEK02KkoSACbdza+JoaHwVCuA3U6rDNWVpWb8uy6DFcaSXuXu6LpslaVbgf2cV1WeFub0Zqyc9FEZUKhRm48hwLASQk2uAd76R274f8t8SqBIiIqgU+mM86lltRZJLiiCbJHfocM02vUh95uO0XBIdQlYb5CrhKr2KtvD0PXyw4j740TWR2U6qqqtkWmZdhVqrUJ52PLqLiC+h15Sm1qW+CSAT4TdR6bb4PcQqnGGU5KJktqGlS2hrePhJ5iSB0NyegGImbqpTqtTpEaM4sramRAolpQSP602L3IscR+KdKi1bJyor63UBMphxLjaiCkpXqB236jth405AU0kc17tUo5qlZjpGQqQ5lijRa8qVKXITpYL6A0pGxATa1772wvZ0Xmp7jLlJqNFQVtRYrnL1eBDvOdKwF2uRpTbp0+OLGeyfUk5Ky21S5zqm2Y2ta2n+VZJSnQm4PisNXxI7YYKrScts8QYKLTG5bLbAZQhkKaISXLeMm/RSr/DvhLmF1tUpkzIx1KRMhJqTnFDinMkMuJDDdLAUoW1/wBUWo2Ppa2JeQ/BwtzHUHkJDx57SlKJIKAyg2+F1K/HDZSFSk5g4gTaZHVIkhyGhCEJGoqDKgOuxte9vTH1Jar8HK9Xqea3pTbTVlIaTHbS4EpsSoXFlXvaxFvCcFYA1BllErtQo2U26dJ4RyFzT9XsPKeLj7TWu4L2ygLkm2ydzfw4OUt+nyuHi41LkPSGIy+RzlscouErSokJPbxgYjSRUa9w2qcePTnnXkPJZbZVGS2VBLjZJAbJBtvuO4PlifRYMmDw3iQJbbrTrbrKFJdQUFF5KdtwNrHrgbjrZeabDROU2zcB5YJ2bUr8sUfxj5y8lZThNsB4O8pJ63RZkWUCOh3xeFaWWqPMeURZEdxRv6JJxT2eK1m6DApMbK0htpTtPbtzWgpGsaRvte+npba/Ud8BL+6U4Y65uNUp55dmDjHlSl8xqQ6xFK3lqbCFOeB4KOpIJFh4tJOm57XwjcWpDkXKVd5YbUJOaSyoLbCgU+yDzBsbpFjbY9x1xZmbIeW6PxOj1N5mn/WktTSOYt59LjZWjlAmwLRKkggA6SfjhPzNlhOaqTVIq3pqG2cySXVmIhC1WCCgHSoi437X6dPJDr5SjseC8Le5llin5rpVZqKFSpbENFPEr2pCCo2UCVtkAm5JOyjuem2KAqEVn6i4u0mPERy3WlTVutMlKUKZnOlIJKiTqFiNuoX02vdbFOcqnG1CpnKlIRATJRzGAFx1BsFsb3IIKyb+eF7iAuhwuHueIcCFlVM2TTnVvv0iaHH3DzAPtWynUkalnfURc9sMJWh7Dp19FOYa98dXHY63bt5rlXh/OTRM2QqwrrCD0hsEX+0Syso/2gnEDh5RGqjCamvyWEPSVuOSJUpelKLElS1qPawucSctU+bUsx02n09CXJUiS2y2lfRSlKAF/Tz9L4hUOLHjsVzJ7up5FPqD8ZmS2dTLzYJSbK7m4v6hYxn8mcUrgNg7VfSWOxsGJwPNi4sIHOxvumOvZUpNUprkyBWqTXYbNg85Af5nIJ2GtJAUi99ja3a/bAqlyHarQ5mR628qRJocZVQoclw+MxUqHPiknqlKTzE/s6FAbEAL8PJlQoNVbqtGqS2VoVYoPRaD7ySb7gja2DuYy3TZNFqDDqDNV7UHG0fdYcb5atR7AhSgPnhEVRDE8NjJyuFiFCdlVuLZ6luWZjhlI/ECdufJB4ixBkImQlqZksnUlaSQcOWX6sc2TxArebXYINtPMHvny1XAB+OExQQU8xCSCdiScaFHSq6gVH02x2CtlpSeydorPj/BeG8RBstS37wDQ/v1C6SpXCnKscCW9Pdlr2Op4Ag+tumGlig0COEe7ZA8KQAAPl0xygxW6zDARAqcyKAOjT6kD8AcRJtbr8pKxIq890kHdUhav4nDsYiJDd5JPmqS77PX0YPZuAA8F2EZtPhjS0luw7Drj1FWYsbLCf4WxyvMzZSlZYo9GolRrD9Riyfa33pdgEXbALaCDcp1C4v6+eBj1YrMh7WqW9ubm6ib4WKzS5bb/N1HUHDcleC4OtY8wuvTVmVAJSvbzvjNE1G6UJUo9z2GKh4c1SqfVjRXIdkBIsQs6iPxxbFMdanNaQ6EE2uCLHC+2zqArKYU0jozyNl5CEeFUJsWNZLTbqwlPkASMVrLflVut1mVE5YUH/Z2+b4QpI2uk972vhno01yU6+l51XMdJKlq67nC5WYkKh1uDR6azzRKUXnNa9Vtrahf4HGCxQgVkmneN7epU0SMlyjFejx5NITS5FlNqb5bgv12scBKVT4lOCWIiNCQR2xIzBUGabAcmPkhKBYX7nEfL05FRZbkI2CseEckbHAe6Tr0ui07XSNzkaJ7oiAGyCTc9LjBdlQDoTuLH5YGUtCgyCq5N/Prg0W0ctK7HcYrVY/7y7kcgAqwcptXp5UehOK3+lJIEXh2xHtvJqbSNvINuK/QYs7KCv8AFLaVD1xTn0vKgUUegUsEEPSXpJFuyEBI/wDyHC8CizYnELfiv+q7gURqcahb+a/y1Ve/RyU4ioZwdYe5TjWVZq0L/ZIW0QdsdAV6ZNY4BU+uMswpAelhyS1PYLjTgLq03RuCkAhJB36eZxQf0c2VLfzyGyCs5QnhOvpfU3ufTHUORMhT+IP0fqflWXOVFLq1hToTchLUlSgBfsSm3wx9d4C0+wMt4+qpX2lgN4jlP+3+lWRk0B3Mc54pUnVS6cQLfvyf5jDVVEa4y21E2UCPhfvhey9BdpmaHYbpuU0aE2SOl0OPgn8/zww1W3JIB7dfPEzbos/c4ErlqDPoEXhIEN1d9mHHrelUh6IfEtTBukJQVXG97jvi7RV6W9xNo0pVQ0uyoSOUwWnNSgpt219rJPiBsbdMUsqmZGm8NUUKHWw3TIlbS6ZHPTZTxQoaEatNzb7p9cXBHFNkcR4WYfbClx2EgNxtiopWhQBIvdPv9bW2wamDstvJNqt4BuCg1GDCmq1G+sEy3lVanLKUpUA2PbE7bi34eWBOVk5n4gUioxUyH9cWsiOS67dBSjWvWO42UhOnpsPPZky1SGKdAqERmYX5L9ZhvK3SoAGUjuDvY3xP4R0N6g/XTMuQlb8ioGSUXN0JUlIsQQLHUlXy+GDZXOAB53TaN7TfwWnOUWRQqblSjIDYfQ2UKAPh5wDSSQe5uVHBWtTQ5xEhx0xJTlQQhvSlEkJYBKFEmxG9gVHz2Hwxnn+K1NrNE5tYgw9CypKZLxQVnmNnbY9gR8SMfSkW4sRpbrKkMgJSHSgkFRYUEi9rWuoD44IcwcQPBAkOyncMluSszZ0U+3oWipobJtsohH/X44aM+QnZOUp8dmKZK3UttJaCgnXqcSLA9uuF7haS/X86uix0151skeaQP54a+JFSlUfJc+o01/kyGg3y17GxU6hPfbucCdIc4CSdDdKzD1TyXkCFDmliHPL/ACmUJcB2U7qIJII1aSb9RiXBqFQqmT251QW6Q/UYvKU4EBSmjJasSE7DqRb0wW4dR/r3J8aZX1rnuTFKkH2ppKgk+7YC1rbXFh3xuzr7JT6Ew0yltplNQgJATZKUj2po9O3THDKAcq6DfUJOr2ac2zG67Hfy+mFSIkCYjnuL+1dcQlWlSU3FkKT3sd++FDOWYqzR875fy1BMktTYLLZSw8W1IWXSnWNwCdKSN9ul8AqHUH6pOzkzMcfEhiJNQwjUopWlZcBKj3sNOm/rhj4mU5B4n0CU/VYkWPHQ0ktqkIQ6slbwOkHxXuW7W2Pi74ESSbhPG2BsdEp5mmJX9IOHGkvOFp6IhspJPL5gacKLp6feNj2JwocT6cJuXOQpKkR3s1zi8tKgCkIddSTfy2PT0w5NU6S79IGZUJUea3HTDSliQGnOUtXIR4Cq2k/ePxHngLnCH9YZSgsplFpTmYqo8R11pTNeHzFja3r6YK5ndJ5okDy2QXWdFyvWonFxdTTEdYhM05ptx4Nam5Cg0hAb1EAAA7gixujcAHFLTX1s5C4ooYdD8ZSYZU8XV3Qv2zTpSlSR4VAruQoi6AO+Oh6fl6qscW5dTLMtNNfiEpKgosl3SgEg3sFbHbp1I3xQ2ck2y/xdp7EdaGErjOm7pWnWma5f+ydk7enzxHzgtYXDx9FYcIeH1cY/M3+oKhMt1BdGzFDqEdWh1tSuUu/urKCEq+RIOB2RHpETLEedHitvuIdWCh5N0lxJ3SsbH9m/ocHeHrUGRnKmGqp1xIylzH0ke82y2p0jfsQ3bAnKD1EjQKjmvMzzkJic+7LcbjoB+0Ws2SgdOptv0AxQJ23pCb6ZvmbL6TxyWKPE4yRtGbnoL+qn07ivnWsT51Oc4U5Uqyqcz7Q+0xCLLiWgQCsFK7qA1DseuFqqV+dmerGsP0en0ttMcRkRoQVoCQoquSoklRJ637DByoU+bCqMDOuQqylE6IRIhTWfddSfuqB7EXBSod1A98HJjWWeJ9Hm5jy3AboeaqY0X65QE+Fp5CfflRb/AHd7qR1F+/VTqN4qaYxxAB7dxbWw6FVvDIYKPFGOq3uMbjdjrktudsw5JCNgyQkm5N7Y0KSAq5UR8MSivS1pCbX7nfGpSSRZB697Yg3ElbK0aLUoDokk363x4SpN9QubdsbNJHvG59MeJQCsEAqufwxzbZN5Yg9MEfh1WDlxnNj0iEiJKhyZjKQpRWrkrKVIO1go2Nuv54X4w5q0lIUEnfFkUOgZ6zBwzRSoc+CqlOT3Vxo6lKTISrouxtbQSq5F+pviu0MKirSyAoKQbEdwRhNHM6Rrw5wNjbTl5rPMHqJZKyaGVwNj+q6A4S01JpLalp969tvXFvw8qx5CA8tGlXnhL4KQosvJ8CUq3MUF6h6hxQ/QYttlvQyQFFIA7d8WWmZeMFZjjj8tfK0HZx9VQkZ6OipPRmHALOKABO/XA+dl545mOYHZSFBpkNobUn3CfI/M/jisY0iDCz65WZeYFxpcfUFtyVeBatNup2vv374vTJtSg12OzPXy32pTOoHYp1A2P5gjGLV0b6WUTDUEHltfknz25Iy2+yoniZmarPz3aI4hLcdhy/hB8fkcN3DcuKprCXEnxdMRvpBUqIJsGsQ2W0LCTHeDY2uDdJ+O6h8hjTwtqhmRlMKKtTBG3piRnayXDA+IW6q3COKTCY5IG7b+au+l29lvq6C/TBMOp9nsFdd+uAdEUt1lSFW37YMpFmeUE2sbDGZVwOYhyh9eas7KbVqPHWm5KkgkY50+ltUFvZupVN1WTHp/M0/vLcVf8kJx01ldoNU2Mi3uoH8McmfSelio8WZrSTtEiRmAAf8Ay9Zv81nD/gwCbFm+AJ/RSfBkTZMYz9A4/p+qJ/RQgR6tmzMFDnqW01UcuTI61oF1JSVNXIHcgE47Y4Q0ik0HJUGj0aVKkxYpdSlyQ0ppZKnFKN0KAI962OK/ojVMw+Isp5RF00aUUEdQQptV/wAEnHaXB/MtSzdlY12pPsO8yS6hrlI02bQdICtzc3B6Y+tsC1omfH1Wa/akC3iOboQ30RZwhvOrqiba6an56XVf/tjOsSi2wtwXKUi/ywFzdmWm5fzEmfPcKGBBKSQkmxLo7DA1/O+WKkpiC1WWefUI6ZEdpS9K3G1JJCkpO5Fkk7eRxMNaDdZ0XW1K5ilUZcXgZSYzsJ1Lj+aUvLQU2V7i1AnzGwN/UY6ApsWLK45AIQR7FSghsXPhSEpsPX3sLickV53JkOiUDiKmTLYqXtPt0lpDv2WlX2Wm57EH9O2LCy9l/M6M9SK0JsBdMcihCByk88uBCBcm1wNld/TBoGlo+SRO9rhYeKBcI2Ef0bkzlJKnJGYI51XtfxNK/ib/ADwQ4Ke2TKXU6hPSouiWIyFlZ8SUJ1AkHv8Aabn4eWCmXqNmCgUSHCraIDLy6uwpsREWGkAbqI6nw+XbqcH+HmR/6I0V+DJlIlPPSC6XmwR4dKQBv8D+ODRtLLaJgbtJJSFxWkMDN+Wo0tYW28otqZLZVzAXWwR6XBt89sMFDFaXxJCkVVBp7TWlyJ7WLp+w8I5d79grp5m+xxE4hwaSc85cTOYnuPcxvkuMLQEIVz0aSsEXtqABt2vganNTtK4uihs0+nrckTGGluqjjnpaUwm9l332PXsB5YU8DMSvZQ5twn3g80yp7OUhpV+ZmiaDbzGj+eGTP7VIfyxIi11Mj2R5bSV8hGpd+YkpsLHuB2wrcCgsxs3uqBAczbUVJJ7j7PDfnzKlVzbRhTKdObjJU4lbilA3ISQRpUNwbjyOGZdZ2uiQO8dVq4ezaI/lppmgzJEiFGcWwhbqQPdO4FgAU+RxHz40zKgRYzrSXG3KjD1JULhSeei98FcjZPGVMuxqQpSVPIKlvLQDpWsndQB6bAY0Z4S1HiU9TgUoKqUVO3q6nHGODnrtgNlT0GVHnQc1fVFJjU+MzFcKjHUpQcV4gkm5Gk2Ctgm3r0uNz3MZPGKhypNWhNsNMtj2dd+cVqLwSU2F7EnubbHyxvpMCs0ljOFPrcBmLKdbbVHKXQtTkd1aklRtsPEbEegtiFmukZelcV4FTRCVLqkUx2C4A4FR0r1lPursoEKWTdNhvc4OGgm7eqdNsPe3ssctxK5G4zV515ypGjvwyuIlx51TBcJZKtAJ0g3K9u29tsDHv6Xqy7l9vKTZUldRnKlnltr03lKsshfldZttcX3G2NHDWPLa41Z6deqcp2CyhIjsKluOMtalp16UFRCTqSq9gLdBYbYX3aWJquGDi2dbr/KkSNKvEQ48254h3Fyu3Tv6jBXDuleGr7FN1Mfkw+Nc6A7KkuMuQecljmrU0lRS1dSQSbeInwnYatj2xSGc1uxaVxShvSH3BU2hKjh2VzC2kPuKWjTpGmwsep2WPXF8ZXoFWTxgrdemMLbils8rWglBGlpBsexOlBINwdNxa2K1zBw9rcDJXEKsZmiTowXTZCYWqoFYfKg4AXGwbEgluxO98NZ4y+MgeKmcLlDKuMu6t9VyXlxS/rJyKjVrmQZsJFj996M62kf6SxjXlCmU/MuSYsCWkOt6lIUnpc8xRxqLVSo1RZkspWhxhaXW3ANgpJuD+Ixsyn7NCrtRoLCSliSVTYSBcnlK3KB6oG390npjMKsPfAWN3a66+p8YaxlXDUuHde3L8dx81YMDh1S8j0kjMNepOWmHTdhqfI+0fUe+kXUB5kjC9nPLlTyO9SM/twnYL0aoNNNu3GiW0tKitCVDZaVI1C4JBSo4VJGSoEiuVanVpT6ZUqGZ1IceUoJcLV1OsG/UlGpST5oA+9bBGbwTz1R8mxc41ZqWujtLSmM2p8OpbbWnUlwBJISg9L7bnDmCkjEbJ2l2e17jr49FU4RW1kjqd/ZiMvDbbEdLa6kpfdWlSjy0lKT03xiGlG4Tc42RYzzziIsYFTq1aUg9zhwy9SK5SUTGi3ECZ8ZUR0PNhwpQogkp/ZVsLKG/XEVJI1z7vNrrYXyCli1I+aSy25tc9TjB0FvZIOq/Tti4KPkF7ivVE0amRKfRHaJTQlbiUG0stkAuKI6KOoE/An0xUkuLyXFpUvUUrKTpUFA27gjYj1GOvi7ueM3b18U3pq+OpeYx7w3HOx2+asrhXxBzixl0ZWytwwdrcmJJedE5Lbi0oW5a97eEbaRbUOgOFbOOTs5ZWciyc40YU96pqccZCXUL1aSCu+knSRrG3riwOB3Eai5TynUadUM0inuxqw3UBH5C3FyGC2lLiQQCN9AHUWI9cVZmXMVUzZV3qvUp815tbzi4zch1S+U2pVwkXJA2sNvLEXSds2rka2IMZvm1u4/5fqszo4qluNyNjFgHG56j4/ouk+A8BScnxJQeWA4p3a9xYOKH6HF30KiSa85y2gpLCP8AKO9L+g8z/DFZfRvy+5WskU1a9SIzS3easfe+1V4RjomKy1BQlEVtKEo6JGwxJVeL+zQ9nEe96Ks1uGmpxOaSb3cx+Oq4MzNw+pueXlFTaGH3V6uahNj87dcPWROHMbh/RUNOVeTLXp8KVmyEbk+FPbrviNSC226lVr2+8Oxwcm1Qrb5alGwFhjJMSraxlqbNdt7rs0TXDZKee6CjM1KlQo4AeJ1o/tg/ruPngLknJ0nLUJSpxSH3VgqCT0A6DDmh9sbpPU7k41S30ugNgpJvfDdmJTshNOPdJT2lq3w0xphsjGX30OKKAvxDrfDIhCly2GwSA4sD474VaEyEPEg2Jtfyw5UVoP1uGyVEkOBW/piv4i4B1yhuPdJVuwAliMhsJBOkD8scK8Z5xn8TsySA91nutIN73Sg6R+Scd5pZDcPnWsUDVf0x+dFeqKp9bl1JZClyX3HTff3lE/rie+z0dtWyy32AHzP9lZPs+ivVSynkAPmf7K0foqgjivFikX9qhTGT82FH/hx2RwNpTmUsiihqmIlORpDql6UkaNR1Wxxn9F5zl8ZaFrTcL9pSq/Sxivf8sdbcEKl7bQKrUXUkPSaq6Fkm17IR0A6C6lbeuPqfhwF9I3N4+qzD7XGhmPucBu1t/qpPEqkVbNVSTBo9TZiPCGpf2zIdQuzidlJPx6jCdKyst/izTqrIp0yKuk0rSw8htPsrvgWCkK7EF1W1uicPuZK9EoVXkVieVCPFgJKylNyAp617d8YPZwy3XqciBGqy4ztUjkx3eXZQCipAUNQte4Ox9MT3ZA3tussMwBA5KhPqCuMcKmY9Tq6KdJezAHGJBeUfaNUcjSFN721FXp4beWLcy2a7G4jyYfJq7btOppdbacSExZS0spashy/fVfcbEG+NVC4bZAeyzS6G/V1VJqlSlvsPF4oPNWrVdQSbEgADcbDFw0hbRSQp9ClXvcKx2CM3F0mRzSDlSDlJmowKJGfrRmNvP1NLRZkarjlxnVahffxH+GGHgjKlz6bVJMxb5UqQ2EpcKtkhHa/QbnbBauoSapl/SoKQmoqUrbpaM8b+nl88NEV+Og2SEov+yNjh09htpyTB5SDnaKiRxDolPkLWpqQI5TbwlBL9iAR56QfTEJ/LlOqnFx6VFqrokR5CXVMlnwa22UAp2V5FJ1EenbBDN1afTxFpNKYhxFlTLLqJDsfmKQS44FAG+xATcYHZfYbc441SS4/ykrbWtKEqSdSgltIB7jYk72vbAC117rzHOAuEd+j1McmUPMftKQ2pOaamj+0EuJ3xcbSmmWh4ybYqLgBFCMuVchJTzMwVBy59XBv8+uLTeaWWw0q977EHDKcXdYldda+imklQJ02B6EYTOIK9TNLQF7GqRrbdwq/6Yc21WYCVEFZG5wicRylCqNpJT/jRtRsfJtw/pgcHvrrB3gq6VJzlPh1v+lMmntpKEIZgR1pU40EupGtRBPvAja+34YRKy2kfSGjbuKWuIgFLRN0qLKgkqHS2x79Djbwug1M0Cuz56NL0iTGRrFwk+NKidN7b6hfpuOmDdYQ9F42MPs5VW+JLASakHFhLY5W+1tPkPXtviSDQWhw6oua0hHgl7KOXswwc/wCeKvVIT8eIsuqhurTZL6SVKJTv2sO2+q+NMSNHGZeHsdakKJo8RKGyDcIKbKPkdvPe42xbFUaUuLKSOrjDid/VJwnwqXTF07KFeKam7Jj0uCptuPHK0bIHvG23vquLjbBHx6WShYm+y+j5jqEjiO7RlvSFtJMlICXLtAJAsm2kWV33JFu/bFIU2GteS891OZV5zsgxG7Q5bxXpQ68m5SD7oBTbv1646EovD2m5brFRzQzMlvSpyCl1Tyws6dQUO1za1hfttjnmvzUweFmfZ8VlMdkxobTaVJJcsX0hJSsgXSq5uO1hhvOXZTm8fRSmFxh1TGxnVvzuqKzTNpbLIZW2kqv4gMV3UVTmKjFquXprsOoQHkvxJCFeJsj8j8Oh6HYkYmS5Tkha3nlG5Pc9caWUredQ2yLrUoAWxmEs2WW7RqvsV2EQ1NN2NR3gnHMvDbjRmHLcLinn2suy4Ue5aTLWGnGQpQSFJasBZZAtpFzYHyw4OcbmG+Dh4cU+PLhTWmW45kEhSZDKiovJ807kAdbpJFxgPnHivXK7l2nZLqclC4MJDCVN8vxJW0jQFa+puCbg428S+IlBztSKFlyh0NECNRY4aDwuCtWkJNxc+GyU2JJO6sS76hjLyxSa5db8/JVjDeHgxjIamn07QuBadGge6XX3vtZVSEOrdAbJ1XuD64dMquVXMU12M4akw1ESlT8xmKhbDCbbqcWpSQDcHYqG2C2Qcms1Sf7LWor0dlpsTo81tBWmyCCQbbFJBufK2GFVLZoeWqlXE1mtKpMqfKmGGxQ0S4jOlZSkuKUQbFCEn9kDFVgdHLUZHC9hconG+NspoG08LrPJGv8A8SlUG6q/VZEDK2ZBWIsLSpVRgtKYBUpJBSbKN+h3Bsd8JNUYajK9nbUVuDZw9QT6YvDJMKkryHUsw12rswVz7SHYtPhhCEpSkIBskAJ1WG1vXqcUtVn48x9ww45ZQVbBRuSPXDKKtMk0kDRZoPLa/wDnRSXCbpXw5ZLlzbXPPXx/ZWnwJy7Dk5fkV2nv0IVBisNtVRNTU3qRTdCVEp1XtqOvfa+nrtirM2O0iXnGuLy+EClGoPKiBsWRytZtpHZPkPK2GzhXD4LuF9/iTW5aKq5JEeNAbaWEKbITpXqSNySSCL7W9cLWeabAoeda3TaLGMaFGnOMstF0uEJSbX1Hc3IJ+BthuyNja1xOa7hpcd3cbdVB0DS7HZi697nlYWv9V2f9Fh4HhPDCkqATKkBIPlqxcQWknck74p76KzaXeEkBKTZSZMgH/WE/qMXUiOnpbpiImzCV3mU0xPK2rk8yv//Z', 'commentaire');
INSERT INTO `trace` (`id_tache`, `libelle`, `date`, `photo`, `com`) VALUES
(2, 'Traçabilité', NULL, 'data:image/jpeg;base64,/9j/4AAQSkZJRgABAQAAAQABAAD/4gIoSUNDX1BST0ZJTEUAAQEAAAIYAAAAAAQwAABtbnRyUkdCIFhZWiAAAAAAAAAAAAAAAABhY3NwAAAAAAAAAAAAAAAAAAAAAAAAAAAAAAAAAAAAAQAA9tYAAQAAAADTLQAAAAAAAAAAAAAAAAAAAAAAAAAAAAAAAAAAAAAAAAAAAAAAAAAAAAAAAAAAAAAAAAAAAAlkZXNjAAAA8AAAAHRyWFlaAAABZAAAABRnWFlaAAABeAAAABRiWFlaAAABjAAAABRyVFJDAAABoAAAAChnVFJDAAABoAAAAChiVFJDAAABoAAAACh3dHB0AAAByAAAABRjcHJ0AAAB3AAAADxtbHVjAAAAAAAAAAEAAAAMZW5VUwAAAFgAAAAcAHMAUgBHAEIAAAAAAAAAAAAAAAAAAAAAAAAAAAAAAAAAAAAAAAAAAAAAAAAAAAAAAAAAAAAAAAAAAAAAAAAAAAAAAAAAAAAAAAAAAAAAAAAAAAAAAAAAAFhZWiAAAAAAAABvogAAOPUAAAOQWFlaIAAAAAAAAGKZAAC3hQAAGNpYWVogAAAAAAAAJKAAAA+EAAC2z3BhcmEAAAAAAAQAAAACZmYAAPKnAAANWQAAE9AAAApbAAAAAAAAAABYWVogAAAAAAAA9tYAAQAAAADTLW1sdWMAAAAAAAAAAQAAAAxlblVTAAAAIAAAABwARwBvAG8AZwBsAGUAIABJAG4AYwAuACAAMgAwADEANv/bAEMAAwICAgICAwICAgMDAwMEBgQEBAQECAYGBQYJCAoKCQgJCQoMDwwKCw4LCQkNEQ0ODxAQERAKDBITEhATDxAQEP/bAEMBAwMDBAMECAQECBALCQsQEBAQEBAQEBAQEBAQEBAQEBAQEBAQEBAQEBAQEBAQEBAQEBAQEBAQEBAQEBAQEBAQEP/AABEIAPABQAMBIgACEQEDEQH/xAAdAAAABwEBAQAAAAAAAAAAAAACAwQFBgcIAQAJ/8QATxAAAQMDAgMFBgMEBQgJAwUAAQIDEQAEBRIhBjFBBxMiUWEIFHGBkaEyscEVI0LRJFKissIWFzNTcpLh8AkYNENiY4LS4iVEc4OEs8Px/8QAGgEAAwEBAQEAAAAAAAAAAAAAAAECAwQFBv/EACMRAAICAgICAwEBAQAAAAAAAAABAhEDIRIxBEEiUWETBXH/2gAMAwEAAhEDEQA/AIQgg7LWQecg0IK2OomeR3pKhaTAAE9efLyo1K94gwaldAKErCgBqEDY/wAq8FA7AEaaK7yJTCVdDB/OulckEJIUR51V9CSI32g8IW/GmCVaKQBf2suWi43nqgnyP5xWaLi1fs7ldu+gpUg6eUHateagdwIIMmqi7XuCwXf8oLNvwPGH4H4V/wBb4H8/jTsUtbKjbUD4U/Dej0Ff4fgIojQWldyoQRz2ildq0p15KU7EkAedUjDnImSXvcMSwy2kOPOBKW2kGVOLVEJHUnfpT1wiptTJUogKKpKT5bU0Z7gnKX1uy6m0u0lhshOlhUpXt/Kh9mNhl7Szu1ZtFwl5VyUIDqSFBCQIidwJJpxdMG+XZYTaUnfYiKWMtygAK5jaKTW4BJBHLaIpcwnSUpU2eUA1XJ2S5aBISsDStUxIBo1LYKTzJ6TQkwnbeE7zFCHmJA5b03t2TdgD+EAb+g2iglM+Dfbyo1QhRJgep6UHTOwI1c9vKjk0K29BS9SAJAPOkrqduo8ppWNOnaCOfLeiXQY1ztHSrctDcnSRZnYEj+m5h4q5NspMjqSv+VXUgt89aTPQHnVB9kt1e2bmTXZu26QvuUqDiCqY1+ShFSji/tIv+DWLW4/Yv7SXdLUlKLNkBaQkAknUseY86457dG8JvjstpOiekCugCdtutUK37ST6ADc9nvEKAdvBbT8/CVUtb9pfDwBdcJ55g+S7N6f/AOOley+SZdydPKBQwj5elUq17UfZ4F6LxV/b+euzdEfVIpZb+0/2Tu+AZ9SD/wCYgIH1JFS7eylJFvd0mJ0kRRZaTt1Pwqurb2geyy4AKOL8ekKP8Vw2P8VONt2w9nd4Qm34rsHCRPgc1T9BRyaGTRTfIRNBLSYKVCmG24/4Uu1QxnbVZHOFERSxvibCODw5W0383kj9aJMLHEMpjf60HQJlW4pO3msa7CW762VPk6k/rRybtowUOBXqPKs7fsdnC2SDtXO6HI/KhqfT/FAmud+iTJ28605UCdBamwoiQYPUUWpO28HaedHqcRHKfWiypABn5CaTf0UpMpDtGxpa4jXdMPOsOOI3U2uJgkcuvIVHkrySNhlHydhK0oVA8uVTrtFZCr1p9KtlKWkmfhUQQiExvAHOuiD9mUrTEwfzZBKMh6SptO2/oKObyWeRM3jRA3MIUJ/tUPuxsVbDoa6poCdQiBIA61o3YrbdHEZ/iJCoSpogbbLUPj1NDTxXnWYCmASNjD+x+I00V3RKQqDqjryNBU0QqD8vrUaTKTdDO24CCdW6t5pQlYJSsEjqab2HF6QdclI6ClSXElIIVKlc56VzKQ60Kgog7GZG+9e1woEqO+0896T96TOoTyjlXVEpP4ZgVV2Q3sPLihA2J+HKk2RYt8hbOWdy33jTySlQPka8payoKV8poJcIMdBzHOqugu9FEcU8MnHZB21Iktk92siNaelLuyLFJy/aZw1inEDS7lLcOA9UhYKvsDU844wov7cXrKfEjYmCYpR7MeATku2jFXhSf6Al55QjY/ulgH6kU07M62bm0NMt944QlKUzqPKsB+1DcIXxXlL9gNIXcZF9srbTC1pQ4psajzIHcbfGt45zXqt7cKSWlxrTqhR8SQD8N6wr2s4/h7j3jDCY/h6+SlF7aquL18uKWO98TitIV1/eDYbbzWkHsWSq0UO3e3SY0POARtCiKUJymRCZF4+k9YcIoh+2FtcuMpcDiW1lIWn8JAMSPSljpxjdi0lgPuXa5LqlQG0CTAA5k8jJj4daezMWWF1m1tKuDnHbVkAwtx5wBRH8I0zv9BRtrmOInnQ1b5e/cUs8m7lZJ+9JOGcYxms5Y4q5vkWjN3cIaW+sApZSowVkSJgb8xWkuA/ZU4Czt02Xu1ZvIgEldtYNNIeKR6lxenp/DTGtFBP5viy1aQ6rNZBIUopA97XJIidp9edHWHEvFDzyQM1kSCQkhL6id/nWieN/ZH4Sx91rw/aGjHt6AoW2SQhx3nEgpKSof+jpVD53A2/BXFzuIayjeSZsXm5uGm1IQ6ISowDv1j5UP8FQnd4r4qt33LdeWuhpJSQVSdj60YjjDi2CBknlDzKEH7kUlyyDe367lKW1BR/7sECOlGY60tkFx2+t1OI7paW0gxDhHhJ9Bz+VNW9CdUaN9j1694p4xzFlxADdWzeN75La0BI7wOoAV4QOhV9a0Lxh2S9n3F2Ux+Fz3Clre24Q66Ul51Bb2ABBS4DuREelQ/2YOE7XCY3EXotGUXF3gtbjiEgKWFvJUNRG52jrV1OIYHFrSFqHee46kJBBP4yCT18o+dE4cGKE+SMD+1T2edmXZxx5ZYjB3GU4ebXj0PFq0U5cpWoqUNRLjmoHaIk/KqeZucMlZ937ZM/akfhCrN/80un8q2n7Q9tY3PaEtrI2bD6P2fbkB1tKxzX0IPlVWr4W4If3e4Twy1Ec/cWp+umsZM1so9rIXgSk2fbw+JMTcpuk/nMUvTe8YOJ/o/bdw88fK7cgR5+NozVur7POzl9JQvhDHJneUtaP7sUUvsj7LXQkq4YZEDk3cPJn6LFJ6HbRVaR2mPkBvjzgy/bjkV2qkn6tCjn8X2qrcKWMFwNk0QmAGrMk7b8ynz3+1WcOxfslUClXDQHmffbiY/36Jd9n3srvQe6tb226As3aiR/vhVDqy1JtFbKwnai3PvfY7ws8kiSWA2k/2H9q43Z8c2kNO9hh0/iHul3coj4FDh8qsI+zPwSN7LiXOszzPftGfogVz/q6NNKKcf2l5+2BH9ed/koUrXYW+iCpz3F9qkKc7G+MGVBWyrfK5CPOZ0mjEdpWbsye94M7QWCDJP7TuFx/voj/APypqOwPi23Omy7cM2hMz423D9+/FKWuxrtLY/e2/brkZH8K7IqST83T+VJKPZSk+mOfYbxbleNOJ0NuHiW3srFl559vI3AW24qAlKdkAkyqefStArDSUqcC3hpBOlLy5MDlzqsezjCcScMWdwjiri05u7cclt0tBAbQAPDHnMmpfd5O47sCzCXXJ5awmPmQRWbpvRSdj3j71Vzbl1arhhYXoDbi1EkR+KT9KGMky844yzfpW4zAWhKgSk+tNDF8tDSe9clWneSOdCtG7bvXF27KW1PK1uKHNR/5/M0mtjG3jW3L+MQ6ofgeCiY3ggj9ahXcwAoJHTYVZvEdipfD9z4SdKQufgQar1KC5+GQE9a6YN8TObpifu9+kRziuaQZHMcwIpUWkgxA0xXFN8gE7dB61Xom6YjKSBEJkjkKLU1tpUUzzO3l0pbBIk8p8qBoKlERBI+1HZalRBG1d2qAVEdFT0ilTdwQUp3KTzk86Wo4VyC31qtloW0o7IWoyD6GvK4UziFeBtBgT+P41y9lNN7EwcjZJ2iedGhXgAPzg86F/k7nQD/QkLJj8Kh9KCMPnWwrvMfpJO6Qsb0IzYFSvCAevLeu21tcXi1It0BUDVzjyrhx2WSIdxq4/wBob86kHCVi+2bhx9hTc6EgEz5/8K0S2DVKxoXw1l3m1JVj1KQoQfGk/rUl9n3hUcI8e3+bzDSrNlVmtlpbkQpRWjy9AfrTFxF229nvBOef4Yzt/dNXlsEKcDdqpaYUkLAkeihQ7b2k+xwwlfET7U/17F7b6JNaqNmfJI0LxlxDZrsry5xlwl9xmydLaW0klSwhagB5kkJHzFfPvizgTjVu5aXj+E82GkBZ1psXhE7GfDtsB8q0pbe0L2NuEJTxqwAZ/FbPp/NFOtt27djq9Ojj7GJ/2ipMbeorSK4mcpcmYyVwdxc02ou8N5NCTsdVo4PzFBs8JdWdwHcrgrxy3AOpACmSTG3iKT19K3RadsnZK/BT2jcPjz1X7ad/WTt86fLLtP7L7hWlrtG4aXq5D9rW5J+WuiieR8+TZsKu1aWXrVlR2SZWUj47T9qerXH5HAlnN4XiEtXjSgWjauONPonrIgp+tfQi04s7PL2E/wCWGAdSocvf2Fav7VSbHWnZ1ewl644euNcfj7hcimoWCmfMfKZDN5a+XfZm+ub27dI1v3DynXF/FSiSa7b2jy9ICCT1FfWSw7Oeyu+aSt7hjhi5QsyR7hbqn+zvVh8L+zx2EZJgPvdnnDF04BqWj9ksJ0ydpITNEqj2Wvl0fKLF3TNlhbd3C8LWKVWqEC7v7tjvlrdV0RrlKREbRPwprztsm6vytlSV64WSlAQCpQkmAAB8BX2PuvZp7CLtj3V7sswKWtWrS1bd2J84TFM/E3sm9gGWsdR7M8Uw5bMlDRZU6wnl/F3ak6j6mTURcU7LyRclxMf+yjmmMst7HotlpXicW1brWTIXLnhj4BNX2/atK4jtHEsJL5tnE64BOiRt6b/ma9i+xzgzszuLu54Sw4sF3SEocUl9xwKSCSBDilRuabbwPM5YZhtZN0213CSQNOiZ5cufWtJ/N2jmiv56KK9ovDOXHaH3ihuLBgbK/wBo9PjVYJwLp5OL8vxmtIcecPWvGGWOZyMsPhpLWm38KNKRt+KT186hj/ANk3Oi7dG/UBX8qlwL5/RUv7FukiQ87/vUE4W+QTpuXvMbj+VWe5wWhMn39XwLP/ypOeEVJV4bsKHXUiP1qXFB/QrK9ZurFhTr925AgatIPP5V7HWuTu7Rq8tX3C05JSVIAncielT6/wCCbm5ShCHWIS4lcLmDBBjlUpxhbx9i00tlUtICTp3G0cqhxLg2U8pnMtKAU8ZJgQk7H4zXVOZ4L8LqTPQg1e1oli8ZDzaJTukBQ325/lXl4yzWqXLVlfSSgGkkhvsopN1nRsopMcpJH6UP9qZwI0FlBJHRwnf5gVdR4exCwSrFWm//AJCf5UFXC2D0gHF2wPPZEflS4otXRTSM9nJCVWSgkA7JUPL40YjiPLMwTjn1AbTAI+xq3E8IYLcCxifJav50E8HYnUO7ttMcwVk/maOMSk5LoqC644u7QFT9tcgDp3R69NqXcI9uvCeMxbq+KmL5m9FwoNttWxXLWkQZmJmasK/7OsLfGV98kkckKH8jUeu+xPhu8UrWl0k7DUEGNv8AZ+NHFApMQ/8AWJ4BzZdxzVjmghaFBbq7dsISIMz45+1IrDjLs6voCc+tlUCUveGJ+I3p3sexTh3HFRtFFKjudTYP5RNGXPYzhbpfeFLBWBzNuJHw8VNa6H32FMq4XvVEWfElqSTt4hv6cxSPKvYzFuICcrbvByTsoAiPPfl60avsSxiVEouEpgyIQRv/AL1AX2QJQCGn2dxBkq/lVRe9gxEMjj3Up0XduoEzAdFGJfYKQQ4CSNikgmgu9jrp/C4woTOy1Ax9IpM92QXZKihRBifA4Bv8TTbV6JTbVEisbRSGp0ABQmd6U+7OyElJ+Y5U6sWxS0kKbPLaOtGi2BBOmB51yRhs6nKxo9zUNhXlWIXzSIHPanj3cJ3I+Ne92SOfKOtXVGUnoZHLFGkDRJmBRTTKGlKCUkeKKfVWwJA0nltA5U3rKWCt1YhKCVExuANzWkFbMpz1RiftQum8r2ocSXmgEIv1sJMc0tw2P7lNKbRlTQK20wT5UQ/dKymTvcosnVd3Lj5/9Sir9acUohttJIkmd636MPQkubK1LoKWEAaRySKGMdZamybZBkGTA3oa/E+pImJilQQAr0SkCaEFUjowOJGEVcqsEB1T7aEK3kAhZP8AdFDs+GMO/Y3Vw/aJUpATo8RBkqA2g+tOF9KcVZNSQlTilER/VA/9xo+z8Ngdj+8dQmfqf0q1V2jMKsuCuHH75lt1hfddzqdhxQOqVGfpFLOzjgPh7O5tmzybdw5bqB1ht0pMSOvzpTrLC71wf91aqif/AMcfmaduy533bJOXH9RtO457n/hVp0Syaf5juz1rh5nJ2d3l2Lq4yZYSpF0IDXer5Ap56Ec6u3gn2bOFrngw5XHcZcUWbsuaXvfQYASJEBKeoNVPZZguYLCWpKie+FwSDz/duH81itTcL3SGOwRWSSCibPIOyTt4Vuifh4ZonscZURfsd7Bs/wAS+yrZ9sr3bXxpjszdYvIZAMM3y+6lp15LaZ1gwQ2k89pqtHez/tmRkslaMe1Lxm0mzxyb9Sxc3J1qKiAjT7x6Ez9q032b3C8d7BvDtuVeH/JFTserupX+P71kHj/tYcwl9kUWdwyH72yatiSqe7AUsqIHnBFQopK5F83LSGzjDOdsXBvCWCzq/aXz97d5dgXBx7jrilNJKZEqLitW+0kD7VBrft57eGoUO0bJ3HmFtNGfmpJmore8V2V+6lThW4W0hpGtU6UjkB5CjrS9aukFTSAD0rGWXdI6IYU1ciSOe0r20sOEXXFZcKRELsrcz8fBSNHtT9rNs+px/NWryJ/0blk0B/ZAP3qOXbDNynQ8140iOQqGZNttl1TakyI5gVPNsf8AGK6LhZ9rvtEU3+8ssCszyctXR/dcFK7T2vOPXVwvhPCPkAyG1Oon6qNZ5fCT4GyQR1igWd05aXKVFZBSQQZp8jN4k+jSiPa+4ka/7X2bWy+n7u/UmT80GrO7H+2RXaz+1UucMOYhWL7iQq570OhzvNx4ExHd+vOspWL7GdaKCptD4iCDANXd7LjT9pnM/ZPJACrdgwDzha9/7VWnyM3HgaiwqAbIgCBqIpw7tMaYH0pJhQkW6k9As/LYU5BCRBjnWcuyk20EhtMRArhbSQNt6PKKCoGYpFx+ggNiZUZFd7swB50MjyA2+9CSnw7x5iKC0wjRvEfCgd2iOYBnrSkp1D9aAtoJ2Mb+YoH2JdGneYk866AFbGjilM786Dpnkn4UFILUgAfh+tFd0CfSJpQGyoyTtXdGk0Dq2JO5gAgTNcLJUZ+0Uq0iPI9TQFBQ2TBmgajQ0ts+GByoSWx0TPxo5CEj4nlQ0gq/h9PhWdD6CCgEiURQmrIOHZEzS63sFuET160vQwhpMRv5xQkyJUxsbx7bA71wfhE8ulVrx/khjOC+IspqKSxjblaD/wCPu1BP9oirXyStFg+uYhBA+MQPuaoX2g7/APZ/ZLm4XpVdli2B89TqSf7INbQRhkRj7HpKUREz1p7bQFrbSEiQJk02Y8EhAHWnttGq4V4TCGir6JJrQj0NyApVwRz3mnBpEqXq8wKR2iSt5O/M05WzRcXsOawI6c6ES+hZnWihWPYjT/Ru8PzWof4aVWzCvc7NJEhx4wPOB/8AKucUoKcuywUgdzZsIgdJQFf4qeLSzSG8CylJ/eLeXzHmiD9jVxM5WhJeNlLWZWDs0S3/AGwkUt4IBFpkHUpJ0MapA5ABRmico2k8P5i6QZS9fhIj1cKt/pT3wJji9wxn7xKDDVotJVE80R+tUreg6Q/WZWhWHtgSQm3Wdp/hSgfrWqLq6VjfZWv31J093wxknyfOW3lj6z96zsxg3U8QYm1AIP7LU6ZHQkeX+zWge0VSrD2TL9CD4l8HqSBH+st+Xx8dNk39DT2kdtmH7MvZY4C7O7cpXmMxwpjkBuJSwwGGytavUmQB6k9K+fHEeafyGSduVPrUFrKjJ51Pe17ip3NXocdvFujH2NpjWAofhaZt0IIA6DUlR+ZqoHLlTg36mubJNyO3BiUY2x1t3gtUSB61JMTkWLZII3UkiodZJWomJilzBuJKkyEzWDaOmKbJs9kLe7a1pTHOmnI2rLrJmEqjn50jxnfOu6CuBUnYwS75jQ4ADHPpUc0uy1ilLpEO/YmtrWlAiJ1U13uBunBKGyR0IFTleHvbNC2QkqbTv8KRWzmkuMKnSByIqlkT6IljcdNERwjN1ZXiO9TLROkmYj41Y3BfaBmuBuJ272wcQtDkIdbVycRMxPQ+tNTXujzDiAlA85HWozcXTlrfp7wEpnY/yqozt6IlBNUz6MdmXFWP4v4fbzGPclDioUj+JC4EpV6j+VTHeZHSs5eyTf3dxi8kASphTqIG8BQTz+/2rSCZVsTJ+FaN2c1VoApAHIRHnQdJjV60dpJEk/QVwJVExPXekUtBA6zyNd0k+e9dUFawCftRgSSnwiTQNOwoAhPKi7gwoGlK0nSCBufrRL6SEidzQOPYWGxzWrpQQkA9YijkJKkmZG2xoS2/CJmTQWFJaBBnl6V4t6VRG3pR7TR/FOwPKlKbcq8S+XwoHf0NamSSryHSuLTIEyOs04KabIIkK36CinWgUQBy8xQNNsQN45UAnl60oZsgkalgbnlFLdMgCD8hQ0pEEH70qDsJS3oG3Kvd3uZGwo8j5dK8UQfwyPKKZD0MnECgjHLBMa1JSPrP6Vmb2r74McBYvGpMG9yiVEDqG2lmPqpNaS4rWo27LIV+JZXHwH/yrJftbX+rIcL4kq8KG7m5UAOepSEj+4qtIHPLbopKwb0qbT5U7suEJunTA/dFInrMJ/ImkFgJeEjkNtqVqWr3R1RAGsgT9/0qlTBKgqxSC6Fc4ExTnikKU80kpJJWCIHOm+0SQlagDsIp8wbeu9tgkGZO3pTVeyZM5xC8X+I7skA6NDWw28KEp/SpVajusngkGNDVqHCf9pxQJ+Phmoi+BdZu7dG4duVkeoKzFSYuD9qOuFR/o1oAAJ/qFR/OqWtmd2IsoqODGSqEm5yCFEA84QufuRU+7O2Gm+zrOqUCTcraZHwLiUn06iq4zJWnC422WseJ1ayPOEpH6mrF4QfUxwazaEAe9XrU+sPgwf8AdqlozkyzXW2W+NFoCTptMC2kgeepZP6fSrR7eVtWfs0XbCTCRhbC32HIFTCI+8VTJyC1cQZi71DSmxZYImZ8ClfqKt32s3f2f2CZS2B0FSsdbARtPvLIj7fai6FDbPnRxXmVZHIXLhgd4snltzpgRaOu6SB1o7KL7t9e+qFEfGnXha1OXuW7ZCNzzmuLJLirPWwrk1EBiWCm6U0pB8Q8qkrGEKrPvwj+KIip5jezlK1MuBj96iNyOY61NLLgrGsY922d0wuFQNiNudeXl8nfxPbweG0vkVjw3wsX1I/dbzuTyFWXjeG0NsiUIOlOknTS/B4rHWSUhTqAowBtUtt7WzdaAbWj1ArlnmkzvxeNGJVOXwqUXBSWdSVCNqiGU4XcbcU9bNKBAmIq8crh2lnV3YkHn50yO4dCPGtGwH/MU4+RJMvL4sJx6M45Bt/H5JxtSCnUJUk/Cmx1Cb4ERKknaKuLjnhbH3mm8te7Q+34Y5ahSPhrgW1VjrtTqUqd7tSx6bTXoYs3s8LP4zg6Rf3soYZzH8El15sodeUSqeviMH6VfSUKA1E/KKg3ZJZM2fCeODSUgu2jLioHUoB/Wp6kSedegeK3sKUpaoCRH612Qoc4+NGKT9fhQdAJE/Ggd2FqRqWOe9D0gE711QAVIFdB1GCmBRY/+BR3J5aR1oK21EAjl+lHlGxETI5VxKPDvzpFp6Cw2kSAOW1e0k8zR5RKZI+lB0CSCQaZSAIhCgAmT1mhqDq16eh6Cldnj3btYCBEmKn3C/ZXf51bWlbbaVA+JSgI+XOmot9C5V2QK1sXVjZskjejn8WpDS1KZAAgT5VpDC9j3DuNYSi8cduHNMKIASmfzoviXst4fXZG5swplTPiUFEnUB5etNJFKW7Mx6dwQfnXQkxBTq+1GaYJJI0nfnXEiVQDt1qCrAADRuADE+deIkRpJo4ogbDkN6LWdiKDNkR4qWDestcwlvVHlJ/4Vi/2nb8X3as3ZBe1hjbdqOUFRW5//YK2LxG6pWUdSmPAEj7T+tYW7YL/APafa9xJc6tQauvdhv8A6tKUf4TWkdGMnuhksmwNSif4dvpR92U+4oQeZXqO3pRVrq7tagneKMulfuWG9JmCo77f87U/Ym9A7QhLCySfKPnUg4XbH7SZWo+FA1HaYAqPtphjRy1EVIeHz3CL18GNFq4R/uGPvFUuzKWxtxZW5ctqJMqWFE+dSl4n3jMr/qMFBP8A+mE1GsEhJumUgSdflT68+SnMLA3W8UAjqO9AP2q1vZL0hvzgPd4tJMAIWrb1IH6VO8Mp1GCwiWwRru0KnmOS1fnFQbOLAurFspHgtk8+srWan+KQEWXDluCNllfPoGz/ADpqhMk1is3GWyTJX4nHmWTPq2gfrV6e1cDfcA43EBOr9p8TYi1A89V0kx9BVFcHJ954pKT4lPZy3Ry/8xtMetX97QaF3A4CCGFOMsccYq6uCBIbZZ7xxa1eQAT96bS9ijuR84OOcWjFcT5fEn/7K+fY8QgwhxSf0p37G7E3XFLbUEpQNW3odqdu37h6+tO0jO5m3t1HHZbJXV1aujcLQtwqj0I1U4+zrii9n727Uk/u2gnYcpP/AAryvJa4NpnueJjcckVJF9t2uhvZACymOVIlWLjhUlwqHmZp/eaSyjWY5U0PZi1tyZgqHQV4ln0n4iLZKyubNRKdaUzKaNxWburZwBTsfHcUPK8RWd8tNqzp7xYgCZk1Ei3fftAsNyFSdP8AKq9FQXF2i4bC9bv7aFQVAdKR5VTNuwrXCZHn0ovgBDzpQi6SU6vCZHI0l7XrG8xrDVxaJUUOnSdPwrNPdHQ5fGyA5S2Zyd0W0KIBMbU8Yvhi7tGP6O74iOR6jr+dV5ecS33Dl20XW+8K06kgidW/IVbvBXEDPEibJPui7Zx0JIJ5LSeceo8q6YKSa1o8zNwne9mguBUNIxNo0ykpQm2bAB/hgARUqA3kUwYBtNqUMpTsEACn/wCJJ/lXvHyT7YMR12PpXEpMzHKhgDmSJ23ozRKiRJAG1IYnUgyVRtXkNkk6okUoKSQNxtQ0tKgCOm/rVAvsTlonaCSOnlQgwY0j8XSaXMWxWsg8yegp+x3DibkhDyggmPFQo2PkkRbuQkhOnYgbVxNqsr1IHM85qy8t2VXtnjU5aydau2dMrLR3b5RI+dRdixQwkl5GlSehp8R8hPZ2pZBhwpO0UssuJ8pinwLd9YKDGxNIbm4UTCYBT5UhddUtUkifMVadCW3ssmx7ZOI7RrS9dlwjlrSFbfnTVxJ2oZnOKBcuFNgIKAlvwiPM1By4RuVATRDg1GdZHqahs2itAYOoHTIHPavQTuDyoZBIMgR69aChIIKuQNQO6PBM+I7D0NAWUpSox086MMjckgGibhaW2lLPICSYoMm/ZXeUdU9krhZI0l1QmIgSf0rAGSyKsxxNl8wsBZu7154nz1OE/rW3+Kch7hw5l8mtX/ZrK4fkjqltSvzFYRxfiaK+qzPpWyaoxb2O7K4ZCSYmNprtyspWNtkgUWCEACOVB7wOvGeXKpS9idoVo1d2jxU9Y9xbWLv3J2U3oPzIH60xynw7nw706tXATiHkE7OqED5zNUJ6DeHd71qCQZ2NLUulyyeUVCXbhJ+pKqbsK4UXAdC/weLfr6Ufbu/uGWyTAdBPrsapNGbTsFnDOSSkiChpAmf/AAz+tT+yeU3d4e3mA1buq26bISPzquLt5D+QWrmDpA6dAKnLF4f2tbqXEt2yxz2EqT/7TTj+id+ibdmC1P8AGuIAHid4iaUQeoTcD9E1dPtKZN+3xOEx7DgQ7fXdwluDBlNs4vb6VSXYq57zx3w+0rYnILfJB5kFa/0q7e2CzazvaV2X4J/T3dzkck6QR/q7Fwj7kUs0XPFKMe6N/Dax5oSn1aKNu8Jj7vg9lPEDqSysqKXXTJSSsgQfpUW7EMYcNxJmsYtMKa0iY5gEx9jNTHtFw15eXVrg4U2w2pbawDAC0kzO+/KlGHwdth+K/fLZcpft0JX6lIgE/IV8tDLJRcGfeeTgi5RzRRPHsebthSUfiIkioZk+GrhtZeSggzBqw8VdI8IUAZpfeWlrdNFUJMiIrJMzWmZ7u+BX/wBspyNusISVBahPI1K7XhsPvouEo8YA3A5mpw7hbfWVAA+lKU2bVsjUUxtG1aSnao1x40huxNn7m8lWkDkVU98WYVjM4hLKwChYCkmJKVCkYdbcIA+oqQWIbesl2bnUSn41mts6OCqiict2clxaUXTSVoaVLepIMfA1NuDuHUWgZCWtIYIKdt+dSzumCpVrcoEpMCjGF27DqGkbSRvXTHI3SPOzYUk9E2slQpB9KkForWkTuYqN2ZCXG9+nl6VJMeJPLnXvs+MenoVoRyBHwmjQiYgE+VCSgHkIpTb26nCAhPWl2C2IHG3ACANp+AqFY/KY1OQP7QyrCVLV4u+uEgnfkdRq2m+Gsg6gK91WpKh/V5ioBxH2N4J+5du+5XavqVqUpCiNSvhVJbE5PpDxjr7HPd5+zr9lakCQGHgY/wB01fHY1hzmuFXsheXdtcuKuVskLt0rKEpSI3BBCvETPkRWTE9jLSXS6jPPp0xALSVbz9atTs7zWa4DsG7OyzL7ykuqXrdgzIAjfptWiddCVt7NF5rCWGBx7mQDxCEtlDgI/wBIT+npVEZ3INXDp0NhI1Hcdaf+Iu0fI59ksXLxKB/AD4T8hUGfdLpJkc+dDnUdmiW9BCl+I7zNEuI8MgH5V4pUSZ61xa9gASaxbs1SroCEhwkbg0FxI3jb517edzymQaCvzA25/GkWtM8eUQZI23rqBI3Px3rxEkEia6IHL5gUEtAVHeNgBzim7PPFrF3a+oaUkH1IgU4q3MkHnyph4ueLWHdRq3cUhM/Of0pozl9lF9t2R/Z3ZVxE8FQp217gepWtKY+hNY6x40soPP0rT/tQXyrXs0RahUe+5FhsgcylIWs/3RWZLUENIQB8q2rRj2Ky4VLTpBG3I11pAMqOxJ86CnT+IwI2rqEzvGx351PRTD5SFSIMc4paXYtEtEdRTbqVCgFGI5UrK/AhJP8Axq1TRl7Fdo4G0uKRBEEUY08vwp59RSNtR0HxbHyoxCyF7/yqaoHthwJcvg4mP9IIHzqStXKjeqcKwNLQE+Uk1F2lQ+hRAI1SacmnyHFKJI2AEfOnVhdFt+zyvvu0rAIKBCS+4d+vu7hH3ir740Je7cuzBIUSGGs5cEf/ALZtA/vmqE9mkqd7SbI7FLNo+oweX7uP1q9M4sv9v/CCJJFrg8o6PTUplNbdGfKhD2kcNITxA8+QFNXRL4T6q5keRmarO6UMFk2mXHytCydGvmBPKfQ1KvaN4yyfDHE2H9yXqQ5YOKcbMEH95sfjtVN2nFl1xdm7Zt+G+8bUpAB5qAkj6JP0r5zy/DnDK5x67Ps/E/08efx445P5LRclpclJCwrn60vGSXGlS9z61D7PJqSwhLsGABuad03OtAcTEkbCa8+SPQxNNjv72qSoch1pNf3ylNKKBvFIjcKKdtiImu9+0fxKBBqbO5caGy04mt2HlNvLOxg78jUptOIWHWQptwSeoNVnxohhtS37RQQpQ3AMSahdrxbfWMgPKBSdwJHzq4r6FLJGPZfl3falJeCvFHP0pBe5cWibe4Wvncst8+qnEj9ai3BvGNtxBZdw+6lFy3Ag/wAVNnaRmBZvYfHpXGvIWzi4O4AdT/z8q6PGi5ZFFnn+dkSwSaNH23+laPSf0qW4hsunSmSTUQtd3GVcpPTerA4VQ0LlBdBIHnX0Lo+HY8McPXirfvy0opG8xQser3K5lxsGIJBGxqX5LiG3GNTZW6EADnAqEXDupxRHU70UCLNte1deNsE2NtYWxCURJRUBzuZOWuVPuNplRJMeZpqLhkbmgElaf+d6LBIAtYEBMR1miTsd+XTajS2D1JNAUmOp3pFgCs6YSrnXVGAAKEEBRKoiBXiDpiKluy0gkzyI2oGkE9DRuxVA29POuQCdt9udItKgooMcqDoHnEUoIgaiImIrhRsCTE+lA7E+4gyAfrFe1TBAPzrilAGCAKCkkk77RzoKdejpPnED0qJ8duaLa2ZJjU4VfQR/iqUrICtI+9Qjjq5/pluwFGEIKj8zH6U49mU+jLvtZ5Aix4cxCF/6W4ffUB5JCUg/2jVGNavDpEkjnVo+1HkPeuOcRj9YV7pjwqB0K3FfokVV7QAJOwgc60ejGr2GFRCCY35bijmzA5/w86TqlKAPPej0bz0MUqYmgQUNI260eSCN0iYpOoIIQZmT9KMBMmRHShOgSDUEhCYMk/Sjkkg8zIolI8KQCR+tDSqCqCTVXeib2GNqIWkjpvStLspWSiTyO1JG1AuJMb/ClCI0rVq57VZL2XV7LaFntAddP4W8a8T6eJsfrV9OPWznbNZ6mW++Y4feWlZ/EEqfSkj4Hb6VRvsroA4uybxJ1IxhTHnqdR/7auS1/e9t1y//AKrhhtA9Cq6UT+Q+lU2RxXRU/tXXyV8XYtgSC3jAr6uufyqmuELpbfFOIKYEvpbJJiAoFJ+xNXB7R+Jy/EXaHY47C4y6vrk41tAat2VLUT3jh2AHkRNQ2z7IeMeG8jjstxCxaYxtL7ZQh24QtxZBBICUE7/GI61hmSUXZ0eO2pqibXrLlqtSVDaZig47NdwsNrVIPSd6e8zaC8syG93EiRvVaZO4etFhxCSFAwRXy81tn2MHxZZt1dINkq5bO4Ty9ar/ACXGL9pcKb3V5R5UtwOeW+x3DxJ22mk91gG7txx0gbnY1kuzqU3JUhgyGbevWtTiFQADE8qbGl2d8pTLiQlX50vvU2+PUu2uVAJiJ5UVZNYl90dysEyCCDXSqSs6Y4VNXJgcchzHXqHmFlGlUqA2kURx3nFZbJMOpcP7l5kJP9UhSSam6eGV5VpLeKaCrhQhI1Ab+pNMWf7Ae2VjHO5JvgS/vmtQc1WOm6IEzMNFSvtXb4UOc+R85/qT/nF40zV1i4FOMER+JP51PcO6WlBcfOq7xyXWXLdt5tTSwtAUFCCDI2irCsDyneRXrHzUbHpd6twaVGfnRJUSSQJosDeY50PSFGJjrRZaicMjYR8/OugCCNYNBIA6z8RXhvz+1IfGjo5TzrxA5mhIMgwB612IEkwKCm6Cx4UmCd6CYnSJkCjFjSQdp+tAV5kj5UlspMLKTzncVwJkjoaH0IHUbE15R2kJG/SkaJewCjvJ+W9cVpWAZHzoR0EakxQdgmQdo2kUFKhBMnxCJ51wkbiPpQUHUJJ+NcWZMgdKdia9nVgpGw+dVzxi+Hs04Av/AESEo2+En+9VhqMJ59OtVXnLlL2avFno8oA/Ax+lVB0zKZjjt0vzkO1nIoBJTZoaYG3k2mfuTUTRGlW5EnlS3jbIHK9onEN+kgpXfvaSDzAWQPsKQoPh2Mb1TMgbpI0eUUdJAJ0n40UfxgFX0NHpTuPFIO9CdIaPIguJAGwG9HoAJVufnQEpHfA7DblSpm2ceKUISpa1q0pSBJJJ2A9atJMPw4lKpAI2FD0yORmauVj2R+3t3EWGaHAV4lvIOoaaYUtAfSVbBS2ydSE+ZVEdavrsy/6O68CUZPtZ4jDLZAIx+LVK/gt1SYHwSk/GrS0ZPvRiNDKlLHhgRNOmIwWYzZdZxGKvb5TKC6sWzCnShA5qVpBgepr6aL9hn2f1tMLY4evm1IAK/wD6k8e8HUGVbT6RVp8D9mnA3Z9g1YLgjAWFky2jxBgBS3SJ3WskqUdzuonnUqg4uzDPso9i3aK/kL3Ku8MXlnZZGxaXbXd02WmnEFROpJPOYHITyrVHDXs2YnGZ664x4izrz1zc2rdqpi3hLSEJUT+Igkkz6fCrlx13ZC2Qu3RpaCQAAmBHoPKm3PZMJs1toGmFwJ8qbf0Vx1sprtBRjMfdN2GLx1sy643CnEMpStTYMAEgSRz+dZS46cOU48un1qKmrJwWrSZ2SERqj/16j9K1Rxo0u5y7V1GpSWyn79PrWYOLWFWvGOZt3GiFJu1OfJcLH2UK8v8A0ZyWPR63+ViU8uxNcKKR4hzFQzitFsQl5xoaPwkjp5TUvu1ygBJBA8qjOcty+ypSEqUY3T5ivDhLez3px1aIki9t8akKDg0nl6U7WHE9s80NSgSNiZqruMU5Gx1Lty53HMDfaozY8WXTSCguEAV0Lx3PaMYeUscqZbPHwZfsU3LKxvvIqA8PX67e+CnXiQkzvTa9xk/d2ps3FnR0pptr173lLbSCoqMCK6MeB1TFm87acWaM7L+JHrri1hlhRLTbeo9UxqAII84mtvcCZdvDY+3u2zs6Qok/SsjdgnZ3cY60VlsiyUPPsqBQoQQSQAPtWicbdvNcN27OopUwtSYPPn/xr0cEFjjSPD8rJ/aVs09Y2mA4ms2r29xdncEt7qcZSs/WJppvuzbhFTweYYdt1cy209APyVP2ps7Ns2m3wDDTxBK0AmpW0e+HvRO6+UjpXV2ec1siznZMXiXLDLQhRlKHW5P1BH5UzZHs+4gsnw21bC5BnxIUAPnJq1bO6gpSOm9Kby6bW2ANIVMExvFHFM0jaKDv8Pf493u7y1WwojUAtPMeYPWknd6QAdxHOr04gwthm8aGr10NpbOtK9pT8/hVU8S8Ou4N4KQvvrVwwh4RuecEdDUSTRaV6GP8PLyFekxJJ25UBSgD4pI8j0r0wij/AKI8pQ2Sd6Cs76SBHSKCowSo8zvXnFBUAq58xUlJezygBtM12QR5+lA1gmPvQSszA3H3oKTDBzgAcpigEmfxDl8K4pZCvCDy5GuBRURqkQKC+hrUQJM7zXAoneKAFCSQD8K4VA9PpQU/w46oIaUswQnfeqZv79ITcXalETqdVPM9TVr5x/uMRduA6SGFwZ6wYqhOP779m8F5q/KgFN2L5T6eAitIK+jDIvsx4y4q7u7q9cMl91biidzJJP6mlLYkAA8qQWEpa3JPrS5r8cAwBTfezKGxS2kKWCQI9KOQkACQTRLAIkK3pzx+Nu8jdsWdjbOPvvrS2000gqW4o7BKQNyT5ULYn3sDZsLfuA0yCpZ2AAkn0Fbd9lz2KMkt3G9pnai27Zi2Wi9x+FUiHHFJOpC35/CJAIRz5ExU79kv2ObDgJm07Qe0rHtXXEbgDtpZOgKbxwIBBI5Kd9eSem+9a4fSltASkQVJUB9Ku60hqLkthDbCShtCVkKgE79K45bm5dUl2VISIG/WkVjdlxLCtZUe6TPTeKcUPpEyqJ6GpbGkJ3n7ezs1u5FwaGp2XEbenWoxglKz9y/lGithglTZKTpK0+n2pDxrcXV681ZMrOhRhQE+dSfEBmysLeybbSEtthJ+MfzoTsfHR7HaSBbCYaWUR6A7Ug4zdS2nQkaZI5UotnAjMXDM7KKXAB8IP3FNHHDw79pqRqUZ+VO9Alsr3Nr1ud4TOk1RPbVhk2N/bcVoSQzcJFpckDksSW1H4iU/JNXhk3B3y0k7SQah/FWHsc3ibrCZRBXaXrfdlQ5oPNKh5EEA/EVy+Rj/ALQcTq8XM8GRTRnFeRZ30KSQRzBpqvroDmNj6038SYTM8E5hzE5UKUWzLbqZ0vNnktPofsdqQ3WQVcNhST0+Br5x45QlTPqYTWRWumNmatLLIoUy8lKZ35VBbvgCzedOlwJ1EnYc6mF0pzvCvXzApKg93soEn15Ct8eWWMxn48ZvaIvb9lWpRPfkJB28qsXsq7J8VkOLrOxcSHE2497uTzhCCNI+aykfCfKmf9r3SVN2Nkwt+5fUG2WWxKlrJgAD1NaN7KuC3eCMApeUUlzNZFQevXAQQgx4Wkn+qgbepJPWu7BKWWX4ed5WPHgh+kwbZt7LuLS3RpTKWhA+v5VKsowi3tEtoTBcVrIA5VFrWbjK2qEgEJXPLrUsv/6RkG2UkkJhMV6J47LE4UcLNjbIVpSAhM/CrCZv0utBSVJIAgRVXWtwli1abmFJSIqV4K87y30kj4zWkWQ0S2zuQSpSj8N6NN3K0tgglSuU9KZGbiBo6E868m9HvylmNLDcn4nf8qd/QqFmUdu8zkU4a0WEMpAW85H4RSjN2eJRwze4xVqUtNNFQUTKlLG4VPnNIeGiLS1duVLUt+6WVlSjvp6URxbkVKt2cYyqXb5aQR10gg/nFLsaKweQG3O7UnSU7EGikqH4uZPXlUn4/wAWLG/RdoSA2+iCQf4hsfsRUS1iYjfymoplaBLcJV15UEq089ulBUsEnTG1AO+5FIqg5JImDzrmsGDPi+NBCwCRuN5iva+vT1NBSBFU8wdxttXpIJkfPpXQAs7n5VwGSQnp0oKrQzJXBgKO9BUSTPUnY0BS9QMjpQAokSPmKBtV0M3G1x3PD9yBPj0oInzUP+NZv7cr82nZvk0JVu/3TRI6AuJq+e0W97rGssST3jwMA84B6Vl/2jsgU8LWFmDBubyTO+yUkx9SK1gc+XooyzQE2yRzFKmykqPpSZgFKECR5xTlicbd5G6asbG2duLi4WlppppBUtayYCUgbkk7RTatk6rQsw+LvstdW9hj7Vy5urlxLLLLSCpbi1GAkAcySYr6U+yZ7KuM7J7a14x46smrniq7b1NIUApGOSR+BPQuEHxK6ch1lr9jz2Sz2eMtce9oONbPEriJtLR0BX7PQevl3pHM/wAI25zWt8izrsCW2/G0NaY9KG1HSKUOWxV3bYbToSIjaKRXzhCGzO2qDPrSewy7bltr2E8p6UO9Uh2zLiVyk71NmnH6Ge3uglSJQBOxod/kVW473TIPkaa7G5S+lxQUD3b7re3SFkflFByD4LRSTA570k0R0J3n+/um1kcz5U/NrKSkT+Laosh6XWzuYPOndVyEaFKHwNFg3Z69uFWGZt3DGlxGgGfIz+tMPE12u6yZdURCU7CnPPP99aNv7ktL1TUdybni7w9UzQJbIzdrlxe0mabLtBdQpBBIIpXdOhTqiOnrSEqJEkTHKoLrRX/HPB2O4wxhxOUPdrbJVaXYSCplX6g8iP1FZy4j4P4g4Uu1WebtFNo1Q1cJBUy6OhSrl8uY6ithZC3aLZccbCmyN4H4TUSy2PcW2tFo6260seJl0AhQ9QdjXLn8ZZNrs7/E8x4fi+jJryGkqErBB59N6BZ4jLZ+8Fhw9jHr57qG0w2j1Ws7JHxNaH/yXxxdlPCGJKpna0ZG/ny2p4tMathtDP8ARrZsf90yOXyEAVzR8OV/I75f6UUviiHdl3ZLYcHLGay62r/OOIICwmW7UHmG55k9VH5ACZsZ8lshKgdXlPIUdj0M24IIIAEyedJFPe9PLUNgTsBvtXoY8axqkePmzSzT5SFuDbCsk04TsklU1JMUfeMkXTBhU7+VMGKZDa3HRPhQafcEj8SyOXU1ZjVEpdudLiUJ5dSKf8Hc6DpmQfI1CE3KluaiSQTyp+xL6kKAB361Vk/9J2w+AVEGAkQKZ03SruzfUl4pNy+UhQmYBgUY5di3xrtyTBShShHoCaasA4SrGIXs0kG4cB6nmn7xVdCdMnyblLNu2whAbbQgT5hIplx7wy3EK7mfBbiEnoPKKFlLlRaUHHBpV+Ig/aj+FbZLp1Ms6GyZUvqaOx9h/G2LRdcPuOluXW/3iD125/UVUBcEzqjblVv5PJ/tbKDFtOhTFsP3pG4nyqiu0XiPGcG8TXGKukXELIeaKLdxadCp6pSRsQR8qJfgVTHYLCEiSDQkL1HnUC/zr8OAaVrukjz9zeP+CgHtf4XaBJuHwBzJtXkx9UVFMdpFgLUlIJSa8h0KEqUAPOKr5fa5wuR+7ul7c9Vs8P8ADQR2xcL92Sq9CQmAT3Tm3y00qZaaoshLsESr6V0rJEfGq3/zv8KpJUnJIX5p0OA/3aH/AJ5+EnQoDJNoIHMlR/w0cSuaJItwyNM8vpQdR5FXTzoGogESBHPagFYIhKp3pXY26IF2m3o95tLYAnShS+ccyB/hNZV9o28L1/h8cFA6ErePinmQB+v0rR/aNeF7iP3ZIkssoB+JlX5EVlbttuU3nHyLYOk+72yEERtJlRj6itEc83bIay2RpA3nrW2P+j67FLq54jHa3xBjEmxtkOsYkupnvH5AW6kHaEjUkHzJjlVd+yl7JuS7Zrr/ACp4lDtlwnaOhBWkaXL5wHdtsnkkfxL+Q3kj6ZYbhnFcLYyywmCsGrOzxrKWmGGk6UoSBAA+lNuhwg299Ei1BtzvEAaViguPFO5ME9JpFb3wuW1NzCh0PQ0Uq4CJQ6tIA6k1FnRQzlwWWQfs1J/dL/eIEbQegpE9mV4larMhS7d/xNmfwHypRxEla+7vbRzWWTCgN5FRLiPIBNqleqRzBjlRYn2LeG7vU9kkLG3vzjiY6BUGnHKPJ93Ok+IbioXwrkg7f5QJ3HeNqSSfNG/3p/vbkrbISSZ59aCGregVu60sISBCgd6WXlwpDYInw1HfeTbuJdSZUDyPUU/uhi+s9Q5lMg+dNMiSo646l+yO4UFJkiKY8ivvLU8xp9KdLZlbdmUrRz2+VIHmv6MpIBNF0SlshziEyrrB33okMhfiRHrNLLqULVqA59etJCoQeQ8t6kugpklalWylbK2INMuW4aIWpbSlJQST4d4p3dUltSXkSSD0pxacYu2ASTJG/WKB2Vq/hi2sIOr46YpRZ4ZseJ1S/MiedTe4xtstJ1KnbqOVR/Jtpttkb+tA0xqyCmW2/d7YEEjc9aS2bAbED6xvXnvG9qnrRzA1H8O5MUk7Bqhxs29Fs6sndQCfqadcQdFs4eY360jeaNvZoSeZMkT6Uqxike7KHXTTF2KkGVpgnlTxZPaVJhR6UwpdSD4h6U52bniShIn0O1Aqok+avCzgbiSSAwR81bfrXeGG1uvpedXLFk0lHxXHL7flTRxFdacK5JgeAGDy8QqT8K4xb2LZbeJbaI715ZMSo7x+nyp2JxodbKzOXu9RtdbaDKlKPho7O8TW+Pa/YuHQnWfCShPy6UXk8vd92nFYG3OkCFLjaKT4+ww/DrZyGbuUruHJiTqM+QospRoX4DFKbtS68hSVKOpxRPOq67Z2LZ5VjkLZkJDJVbqX5g7j76vrU9dzGQz/AO5smvdLLkVkbkelNHHGARkeF3bVlOtaVBxs85Unp8+VNPY5pNFBrKQIkwefrQD3QT4hIIiK6vUlakqVO+4O0UWVDzFaHMrPaWSoJKBygGuhpsToEbf8mgyQBJ9NqEtWowlMdaRRxTLMbtoM7bia4u3tzutpGoiJI6V0mSfTzrilEbr5ETyp1YJtEsJEGFb+k0UtcImTsPKgd4CZUDPSi3HUoQVk7D8U9BXLF/R1spfjK/7/AIlv1IUSEulB9Cnw/pVN8E9mWT7cvaETwhYqeFsq5m9ukpJ93tW4C1/GBpA/rEVbnDHDee7SeMFYTBMS/ePOOuuqnu2UapUtRjkPqSQK2n2K9hHCvY1hFNYdlF1lLxffZHIrSO9unCSefMJE7JmB9a1UuOzFQ5MsPhXhTCcF4DGcMcPWSLXG41hLDDKBACUj7k8yepM0sul6XFaiRJHOvG8SCEkAEfam26uiXZPntUcjpquhty3vuLfOQtSVI/jT1pNf3ac3Z95aOkGIUkGFD4xS27vluJKDuk7CeVRO6uXsPeB5pH7pZ8SR8aadi6BnOOYZhdo+VOJg6T1FRXM5dGSxFyQoNloFwSeccx8aeuIrZWWtReY1cGP3iI3FVrmnXGLO4tlKKStBBk02TQ4dn+VVc5HIoQSdAZkfEK/lVgNnv1aCZ1RtVOdlORtl5zL29tcJc7ltjUQqRJ1/yq4rJYC0KPLypJ2Jo5k7Its60bxQsXcOKSlqY0Hz6U6lDdw3Ckk7U3WdkGXlSrbVtTJa2PTrg7vcGCNo6U1BxKnFoJ28qVXSi00kydt6YF5FKLspG3zoJG/M26dS1NGAAdjUdceSg/zqU5V0d0SFAFQPPzqHXLgDioIkeVJtFJWHl4LQTG5olm4dZchtcSaTofMyIPpNdUpJWSetAuIvXdqCZWoSdqYsm6X1GCQBRz9yUt6SeXWm1Fy2VHWoeI9TSkVFCQtKnSUmTTri7FRhSxsDNFC6sUKKnXm0hPMlUR9aQ5PtJ4GwQKb3iKySsCShtRdUPiESRUOXH2aY8U8rrHFt/ise8ouXEIiIBijMWolBSSPwmoxjOMsVxY25kMM4ty3bV3WtaCglUTyO8bin7GPpJ2Vzq1K1aFKDi6l2LF/jkE04WJIUCVQB1psU/B1Eil9k+lYkQKSkS4iviB1L9gxaGB39y02STACdYJP0BqWYzjfAOPJxXvqE6YQgEwFGqp7Rc8nFYth8L0/vdj5eE05cD8MWreAY4qzwU4/doD1vbyNkHdKlep5xt0qxL6Lausxdsks2yUJnqB+tJsbjTd3Hvl+ovKn8MSKj2IzyXtPvCVKJMD0qd4W3W4kOMIKyvefKgbQvtLPWtLaWoSBsEmm7jPINY8WOOZMuOPoJE8gDvUhVdMY1nQlSS9G/pUMaxT2a4kORvnkd00qEJnfaknY2il+O8YMNxVkbFLcIS93iBHJKxqH96o85sZ2IJ51ZHbZjwjPtZJpJLa7dtClAfxDVE/IfaqyLgnxzIO0VonZzNVoGlRiOnXeuoUEjfn69KLKyARt9OteJRMgqE8oFO/skNmVQUwec15ShpMk8oMGitSvwqQT02ME0s4f4ec4tyzWIbK02ySFXSkEghscxPQnl6b0m+KsqMeTo/9k=', 'commentaire');
INSERT INTO `trace` (`id_tache`, `libelle`, `date`, `photo`, `com`) VALUES
(3, 'trace', '2022-07-28 14:02:04', 'data:image/jpeg;base64,/9j/4AAQSkZJRgABAQAAAQABAAD/4gIoSUNDX1BST0ZJTEUAAQEAAAIYAAAAAAQwAABtbnRyUkdCIFhZWiAAAAAAAAAAAAAAAABhY3NwAAAAAAAAAAAAAAAAAAAAAAAAAAAAAAAAAAAAAQAA9tYAAQAAAADTLQAAAAAAAAAAAAAAAAAAAAAAAAAAAAAAAAAAAAAAAAAAAAAAAAAAAAAAAAAAAAAAAAAAAAlkZXNjAAAA8AAAAHRyWFlaAAABZAAAABRnWFlaAAABeAAAABRiWFlaAAABjAAAABRyVFJDAAABoAAAAChnVFJDAAABoAAAAChiVFJDAAABoAAAACh3dHB0AAAByAAAABRjcHJ0AAAB3AAAADxtbHVjAAAAAAAAAAEAAAAMZW5VUwAAAFgAAAAcAHMAUgBHAEIAAAAAAAAAAAAAAAAAAAAAAAAAAAAAAAAAAAAAAAAAAAAAAAAAAAAAAAAAAAAAAAAAAAAAAAAAAAAAAAAAAAAAAAAAAAAAAAAAAAAAAAAAAFhZWiAAAAAAAABvogAAOPUAAAOQWFlaIAAAAAAAAGKZAAC3hQAAGNpYWVogAAAAAAAAJKAAAA+EAAC2z3BhcmEAAAAAAAQAAAACZmYAAPKnAAANWQAAE9AAAApbAAAAAAAAAABYWVogAAAAAAAA9tYAAQAAAADTLW1sdWMAAAAAAAAAAQAAAAxlblVTAAAAIAAAABwARwBvAG8AZwBsAGUAIABJAG4AYwAuACAAMgAwADEANv/bAEMAAwICAgICAwICAgMDAwMEBgQEBAQECAYGBQYJCAoKCQgJCQoMDwwKCw4LCQkNEQ0ODxAQERAKDBITEhATDxAQEP/bAEMBAwMDBAMECAQECBALCQsQEBAQEBAQEBAQEBAQEBAQEBAQEBAQEBAQEBAQEBAQEBAQEBAQEBAQEBAQEBAQEBAQEP/AABEIAPABQAMBIgACEQEDEQH/xAAdAAABBQEBAQEAAAAAAAAAAAAHAwQFBggCAQAJ/8QARxAAAQMDAwEFBQQGCAYBBQEAAQIDBAAFEQYSITEHEyJBUQhhcYGRFDKhsRUjQmLB0SRScoKSorLCCRYzw+HwQ1NjZIPxs//EABsBAAIDAQEBAAAAAAAAAAAAAAECAAMEBQYH/8QAKBEAAgICAgICAwACAwEAAAAAAAECEQMhBBIxQQUTIlFhFIEVUnHR/9oADAMBAAIRAxEAPwAddn3s5aTvegrPcbqu5MT5sRL7qmH0gEL8SeFJIHhI6VUe0/2atOaHiR9U2q8TJcoSe4jsSQjHKFqJ3JA6JSo9K1NAYjWizsMbtjUdlDaR6AAAD+VBf2hLnLm2uPHXCfUxGYlvqKUEhoqCWWlKIHGSpzGcUIu0SdIzMnXdmgyDDlIdQpPJIbBHQH1+NS0XWemZIARc2Rk4IXlOPfz8qD1yeMiY8/yAtxSh8zSLaSDwDz5iiV9jQsS4W6UEGLNjPj0Q4FEfQ/Gn6CFAqBSSjz9c1m9K+7AAJz9TmpuJL1FDQZTd3fjAJCghUhaSsEeQzg/CinQJTsOyUnBIznmvEoBAycY9KDMHtA1bGdQ0u5Fac5w42hXn64zU212pXdoESoUV0564KVfnj8KPZ+EU6uwmKACdv3wBnypJQwckE5OemapUXtUivKDcqzuoJ6d04F/mBUsxr3Tzq9q5DzB5BS40ePjjND3Yzf4kwtIScj0+tWzsiYDuv7c5lOI6HnSP/wBak/7qpCL5Z5gzGuUdRGfDvAV9DzVz7NkIdvzj/eLHdxzsW2tSFBRUkcEH0zQk7RIP8kaTRKjZKVKIPmT0NO0lJOAoYoL6y1pP0ZYjd4U8rcDzbKESpCUNqKs5ytSVEcA1X7T7Rt/wFzdIqktg53W99uQMfFKs/hWb+o0t+jRQSnAJIPnXoQDyTQage0zohTiWbtHn21w8bZDCk4+agkD61crP2u6BvY/oGpYjqjghAXz8OKZeCF12ccYrzYPlTOJfbVMwItxjPE+SHAT9M5p937fCc4z6VFKiHJbycgeVeFoFWRz50sFpzg16AlR4Io2QalhJydoyOa++zDHKQQRTsIGfXNeKTzgDjkdalsCdjFUdJ4BFIrhpIyByaku7zjHyrktg8elI7YydbRFLgjqQPecU0cs0N7HeRkKPrtGanyzz/wCKTLWOvHBFKrJZQtR22Payy7HBQF7gUlXGRj+dV52WVfq205Ueg8jVw7RtsPTzk0hW1laVHHJGTj+NDm3z4UwBxiYy5uOMocCse7irYycmK3RJNJbjAr3blK+8R5n+VdB0OrCnFDnnPQUqmAHRlmYwsj9kq2n8a4Vb5iOO4Xzzx4gB8RVtoXsfFzJKcdORzXinFJO4HIPvpJTbiCSpBHOMHyrlKlAhRz8PKiS29DncTxkdPpXwcUsEKSeDTcrx984Hxr4P8gY8+fWiBt0OS7jBPUflXCXdyvFgAeQpAuJPiVkEcmuA73/CE7Ujjd61GxlbF1vOHKUpCieCPIClmUch1xQ3E856muGyhsbEjJyeOldEncCpOfjQsdOhZXi+90PT4V0MJAwcqxSWSnASeo8hXocSpWTxnjBzUX8I235C9eO6ahIbcQlSVuJSdw4wPEfwSay37QXaM7bbjeNIsxtyTBjIU8SQUqCVPbcf2nEfU0b3tYz7g2lmRHZIAIVtBGcjHmfj9aA/ab2Q6s1nd7peIE63D7a8pxCHVrSpKSUgJJ2kcJSkUsVXkrySpGfb+nTH6EtCLMkGaWyqWo5zn97PGd27GP2QnPWoNgMtvtiUhYb3DeEEZI88E+dESb7PfalCyW9PJlpHAVHkNrz8shX4VXLn2f62s6N110ndY6f67kRwJGP3sYpil2iCuC4r0gm3xjHZSeEqXvV8zipnRGjLpry8qs1qkxWnUMqfKpTpQjAIHUA88imccWxuMtidDkqlbiUOJd2pSMcApxk85866tSbhHfDlomOsvK8I7p4trPPQHI88VAJ2GGxeyf2ryHUuNzLLGQ4gkPLlFSCDjjAQSQQfSqzrfsb7T9JSBb7tpt+SwySUSoLBeZXnByFpGfLooA8VKaK7c+1Xs1lkTpT9zjPt7RFurrjyU4PVB3ZSefI4OeRUxN9qjtRmyXXi5bUMrUFJYTFIDYB4AUFBZ6eaqCdjUgQRLcoykxH2lodW6GwkjBSSQMHPQ09u8Zpi4vBJCkqUT4TkDk5Hyp9eL3O1Je5OoJ7oEuY73zhBUfF8SSfL1qbZ7P8AVVxiNXZdqQyxIAWh159tlKwecjcoGi2lsii/BTRFbXwAr3DbmjL7LOm5sjtasFw+zOKhtqllTpbIbKkxnPDuxjIKknHwoetwpdhnKdUGjIb3tp2qDieUlJUCODjJwfX4Vrn2ZbLa49o079meQ7K+zTJzyONyCtaUDPpwcc0yi5K0I2ougpa30vpu+MQbXdtOWy4Jkyk5bkxG3E7QCCrxDjG4cjnmsve1z2WdkmgIOnplnsrun5VwfkEvW0KVuCA3wpClbQMq6jBrX91+zK1HZ4zoBWUyHEDaSchI593G71+HnQU9pUxH7/ZoExht1pMF1ZbcSFJwpwDoeP2PwpHpFyd7MVQZ8xo93Yu1paE4/wClcUOoQPcQrempJDWuJzfei1aW1ICeXGO53n4FCkKz8qKMnQOgLkMStMQQVDJUyksn/JtqJl9hWg5QC4LtwhKByA3ICgD/AHgT+NU1/CdmUlGpb5YsJkaL1LZko/bgz30o+QWlST9an7L7QNxg7WouuL1GCR/0p0FDiD7ippSVcfCpJHZBqi3HdpztMntkcpaeSrA+iiP8tcytCdrZQPtrul7+E58EuMlSlc+ZU2n86i3pgUmvBb7L7SupGtiF3/TNzCgPAp8xHD7sOJ/3VerZ7Rk4pSq56GnqScHvYKkSGx6kFtSifpWeLtpO4tZkal7EkOEAAv2eStGMeexoqT9QKr/2Xs6iP5S7q/Tko9S4hC0pPy2rqBc/RsqB7RHZ3JWG5tyetrh6omMKax/ix+VXK1a70peEBdu1BBfSehS6MfDmsOQ5VwDYTYe26I8kp/6V3bW2n4HvQsGn7Nt7RHlB9rTelNQJAyX7e60hw+8FtaD+FRoKkbwblMuJ3NLSpJ80kEUolaCRkcVhSN2har007m4aR1hZggDD0aa66gY8gHkKTj51ojsR1Pf9W6devtxvVzdjLfLMT7Wy0hwJSBuJ2pIPiJGf3aDVDpphk8KgTXKgOnrVfevS7eW0SZzGXMhAW2QVfMHHmPKn/wBuktq2PxwFp4O1Xn88UqAnsiO0RlLmm5DRHUA/Tn+FA5VsiKVuLLYUCTnaM0b9VyPt1rdQEqB7lzqP3aD6WNpICuB0q/HtFeR7GYjy2uY1wkt+7fuH+bIp3Hu2oYYShEpLg54OUn8Dj8K77kZJPBHka9UgHCeiT5jpTtFfZjlOs57fE2DvTwnqF9PfwacN6o08+P6S33Ks9dxR/q4qJWyFZJ+B93nSKmEHgtj0x5Ch1HjkZbEmyzE7487GBnKhkHn1FcrtrqirunWnvPwLGTVOMGOlzcgbVqGSU8EfMV0hy4R9vcT3kYGME7xj55qU0Hsix904leJCCkf1T5/HFdKeKsAHFQAm3BfiW8HNvXCfvGniLjhADrJ4/qmldlikmS6FDB8eFHrmuwcqySTnptqNbuEZzCtxTnqFDpS6ZDS8JadCiB5GhsMfA8Dysgc5x/7/ABr4ueHJ4PPAprvWpRwBwRXneYWT5nrUQboB9u9qHVcPYm76PgyASTujvLaz6/e3VbLV7V+lFAfprSl3i54y0pt0D6lNZ8k+JwIySQ2MeldoZIYHhBJIGelWFF2a0s/tI9j89Yaf1C/BUQOJMRwD6pBAq92XtI7NrylCLfrmyPKV0SJraVE/2VEKrEFutkKXObbksILYI3cDlOcn8Kjk2WDIkFSGe7DiyQlJxt56VEA/RZWm9NagQHJlqttwQroXWG3gfmQaiJPs7dk15WXJGhbe2pXRUYrjkH3d2QPwrDcHTrkK4bLTfrhb9jaXFuNPFKkq254Ix04qxW7tE7bNMwGrja+1W8FJdS0lmS+p7HhJzhzcMcDj30RWa1mexh2d3fxRpV8gr6o7uUl1CfdhxJOPnUDO/wCHi5IHeaf1+oKOSG5lvz8PGhf+2h/oj2g/an/Rj13iXSwXliJypudDQ2tfIHHd7M88dRRWie2P296YnxLfq7sHjTXnUd4P0TNUCpIOD93vsc+tFL9BVeyrvf8ADi7dA2p+yO6fujWMpCZqmVk+h71CUj/FUXqL2Su3SwQUO3zQl2ny2trLSYa25TTTSABjc0pWc9MDp8a11pz/AImulbDZmpHad2Pa2szC0IU280y2+2EFIxyvu8560R7L/wAQH2Qb3GafuGrF2dDwCwm5WV5I8QHJLaFp8x51X2ftF6S9M/L7XfZlr3SFxa/5u0bdLKqQ22tpMhhQBTjGQenUH30f/ZPlT7g/LiSWWgxZoHcNEJIJ710KOcnHVs9MVsDU/b/7OOuoy0aP7UtJyVO8Bpu4NNrVwOraiCPpVDft1ki97OsbcJIkABTsVKAXMZxlSfvYycfGrYTuNGfJHrIQkobc1BCbAb7xtpxeMjckHj1zg/Dy6+VAD2kLa5cNdxkZwGLWyng/tF10nke4pozOvyYtx/STaiqUhvud6uct5zg599UrXunE6wu6r3KfESQWktbWm8ownpwTn186jjYqmZ3/AEFJbwpClpPuOfzr4RLm0MJXu+KMUT5OgZTJARPaX/bBT/Oo53S91bGSwlacdUrBxSdAPIUEPXWP95pKuf6xFLfpmawAVtuZHw4q1O2aUPC7DWPft6fyqDuliE+XHiOOuspXnKmuFEe40HBBWQ+Y1W2kjvQpI9VAin/6dtE5vuJjbDyFfeQ4AoH5GrQ12a24x0ITKcylAGVpCicfDFM5XZS6cFiW0ofvJx/Cq/r/AEWJ7KjM0X2Z3lKjJ0ta1FQyVNspaV9UYNQEvsE7Mpqg5CVcbesHI+zS84/xhRH1q7v9md4ZyUsZSOdzTg/LOT9Kj3NMaghHd3UxvB/aZO361OkvQO38K232MXS24OmO1O+wwn7rcoiQ2PdjKQPpRj0865bbZHhPTlS3WWkoceXhKnFAYKsDgZOTgUOCrULBHdupXgdFEinDN7v7Kj30FSinj9WoEfnn8KVxkRyXoJX6UEuYWnoe5DfiC3EHGfUHpTyY7KlFoRLiY5S4FOHaFlaR1Hi/95oZI1uuOSmSy60o9UqSQPxqY0rreyXvULVicnNtOLaU7lawlIwRxk+Z54pEvQ6erCCW1zGnEE7gtBHw4oWFrKs8888CjTFNvDZEd9p0gYJQsGhbIs85l5ZVFd2pJ8QTkYz7q0Y1SK52/BFBvhSgQM+fnXK0lQA6Y4yKemPjO9Jz0wRiuC0kHOMg+vnViQnhDIsgHGOvWkgyAMKB+AP4U9U34sHORzXHc8+vHWpVETGKmckcfD0rhbPGfIfWn7jIPTg+WfKuA2lKSVY44IFCx2Mu4PJHRPvrxTeM+7ke6nZQNx8NcONeLOOc+fnUoN60NFpKj0znkGvFDYdwKgSOCPM067vw4Urd6cVzsCcbsgVGv2NGWqGzUiUwOH1Ddjqc4pdNzkJwpaEr94GD+FcLHhIKhwPXmky35LGcZ6UrSY6loysf1r615xuUQMD3/wAqekZW2jr1JpoykJWPEAknrnNSLSP6QVNnOxPTHuolai15HdvQWYkqUhOMIVg+hPH8aQtjalvNpT5HqKkZDSo+mQ4U4L7wbHHoCr+Arixxz9qKljwttlZ44GBmgK36HAcVibIGcqy37zniubucRLbDwOq3VY6knAGfoaWS0sWtrw8vPjnHJ4P/AIpK9jbd0MkEFiOgFIPnjd0/vUQewm6KkJh6dgRknBmSGd/rt78OH/KiiM9f3pWolz0OqSuHEZbSSeN2Vun/AFJoV21S2HLXGSPuBToAHB2o2/76t2jCu7aoYjFW77ddGYp/eG5trH4GrFYknQb/AGlEJtHYVc7J3QU8+1CtzSMZyovNIwPkDRf9ofQvZ5H7ObVp2Zpa0yG23YMBKzFQlfdtAqI3gBQyG/I+dCn2gh+lZ3Z9pUqyL3ra1R3U+rQWpSzjzxgcVd/auvyYdjszCHPE7PU8OPJDKk/9yhXZjd+pkvVPZH2Tr0rqa7RdNmPMTdExLf3Up0BtIabUcJKsHJUrqDzVU7YOzTTnZjPjjs81LfoKzHStwibyVFShkFASR92rDKvT0q0Q2AoKE29d4pI6Y+0bfP8AdSPlVR7X7u5crq6VqKlBtpv3cbj/ALqfrUbK+zY6ZuXbrpp2PGt3bJcXVrtybitMt1byGwUJVs/W78nxAdMVIvdt3tE6a0/bdSXS62G6xbmHe5S9FAcw24UHIbCMeIHzqNv11aRe5wKwCm3piNYBGSnuwB9EmqtqvVSJenLPYWmlZtjLiFEDgqU4pZ6f2qVySQYxk/CL7E9rzVyGUSL72dQ5DalFHeRJS2gSMZACgv1FTcL2utHyPBd9JXyCrI3FsNvJT8fEk/hWan9QPmM1b0Mt5aWpeRknJxnJ+QrhN+ZDDjLjOVLVk7TxS96C8bRrq3e0d2Q3LaValXCV5IkxHU/UhJH41YoOv+z68qBt2sLJJV5NiY2F/wCEnP4Vi2OLfJacUGmlZA25T76bSLbEUAe6SARnw5FFSsTo0b9TMcLYXGlZTg4UlWQfnVnhpLkVlxwkqU2kk+pxQL9nWMiP2XwmmRx9pkqGfTvT/Kj7EbzGZ5xhCegx5UrX6HjJ+xLuME10GAeSCDTruvPPX3V6G09QCk0taH8EbItMOVkPxGXCP6yAoimj2krM8jiChKvVGR+AqdQME/xroIz0GankhS5/Z9bJbKkJy0SOpAP8vzqh3/sIbuCk9zLR4h94o2fj4qN6kpII49K4LQOMpT+dD3on8ZmRj2d7vCuKJgd3oQdw7vGQfIg5B6+6phNl7VdOqSu3XyU6xnxolsFxPXnlQP5ij+ptOcbRzkV8GE7SAOaidsPjwBCPrnVbCgzfNMRZgBzvZ4Vjz4Of4Uzm6zQqWVHT8iM0eiU4JHHPFHR63RpOQ9GbeSOoWgKB+tREnRen5Cgt21tDPmjKP9JFOtAdsELWrLI7tS4+tknycQR+PNSMe422V4Ys1hwnkbXEkn5Zq5zOy/T0gnCXE5/ZJSoflnz9ar03sXhrymK40D5btyfyzRsVfsalISSk9a4U3gFQAwfQUyf7K9SW47rdOltpTyEtycpP909fpTFy2doFsJ3vIdbAz/SImAB/aTih/ES9k0tpH7IJz5kYpIs7uMjqQPrUMLvqWMoJl2Fl4DgrZfKc/JQx+NdjVTTY/pVouLB2+JX2fvE/VGaahkShQfMDPr5CuO6ByD0z5cGmjWqNPvK2JuTCCeSHVFsjH9sCpJDkeSgOMOpdSocFCgoH5igwoZ/ZwnqCcc9OtcGOVK3YUQB0HnT7aBnGMAelclGMkJNBaGStGS4KCp1KByOPLpTyMN6XXBnxHA+asU3gbwFrVxtBIFSEBlJ7pvJG9Y6UAt+iU1M2Itrs0NI2qdS6+4PXKgkf6FUrY2dtsuszB2pjlsn3rUED86T1W6l27xohAAhxGmj8SN5H+c1JQWy1pB/wnfMkss58iBuX/tqIrYqYe5uxxQjK3e8cUMc8lIH5GoSc2qXqeW00eTKLCeM5wraPwFXOIhC9T21CiVIgxGyoAZ6KUsk/IiqromGq7amjJXndJklSsDjJyo/lRQrsILNtWjUDUUgjuIAWQfLes9fkkVcewu3qn6v0w6pPEma5LJPGdiHHgfqkV9It6GJusrtsSE2+Ehps9cqSxvx9Vn6Vfew2wiFqOwN7Nqodmfkq+OGmv+4eKti9CPyWrWrX6W9oXsjsn3kMy7ndHEg/d7iLlskf2+K99q64F2ZY4W4gMNPvH++pAH/+Zp7YmF3j2soDeAWbFoyRMzno47LS3/pqr+1PKLl4mOq5TBtqEcc8kuK/JQqR8gfgz0ylxxFga2FJcIfwT5ltTmaHXaVfGol/kRgC462tGUjyGxPX55ona/uUXQz0J+RyqHb1htojALmxDaAceXJ+hrNs2e7crhImSVlbrqlPOLHmpRz/ABpM0+qofDFy2TrmpLjc5TkyQsqWtRJJIQnPwFO27m5JzGcIcT1CQSaqZlOKISgBKU8YPn76l7X9rKFSErUEpACcDlZ9PhWPtb2bFEVnwX1qCGYRQEjKvECAPlxUBLaTDcC1t7c+RNW5h2e01mUhZUsZ2JThI+JprN03BmtodbuW95wZUHBgJV6fD31FKyOGyv2t5x5BfaQ4Y6FeLAwKspQ06w1IZkBxt1OOvKT6Gmk62ogRV2mI6HHCA4pSfupHnj1pGCGozrTTbxIJDZGevxpoz3QJQtbNhez9GSnsptRWnBWuWtXP/wCS4PyFHSMnDDYIwQkCs6+zZfG7hpCVYlLPfWqSpOCeO7cJUkj57/pWjmkjYnPAxxWh7Rk61Jo628fDpXPP3SDSoTx1zivABnypW9aGbsS2kkgdTXTYVng58q6KTkHjAHlXuAEgAYPWgv2A5+9kYJxXxQOOOCM9a7SnaOK+dIAGOKI9iRQD1zz0rjbjoCRS4byAqvigHrwRQ9kWxADd91PFebPQ8U57o7d3I+NcqQQBz86iYbGpbQcY4rjugo/LzpwptXVQ4rwIH091ROyIbFnodnupAx0KOdu1R4JxT1Q6geXrXCwkIypWMedTtQ6SIt+zW6RnvoTLgJJwpsGop7R1kcV4YoR6bOBVkC0Z2g5x76+U2Ccgkc560bY1Wih3Ds1tstJCF5J8nG0rH8Kq8rsaWytTsL7HuUPF3ZWyT6YCeKMC2yvJ5BxxXxaI5+8R5VO2ydE0Ax7RGrref1D11QlOejqZA93hOTxTJatUW9Sg8thQBxiRGU0fnjp9KPa2kkZOeck8dKScjtrBSpsKTjpQc0gKFn58RkqTFKjgk4HP15qYszSTOjoyDtGfdyai8fqWUKVgFW7OKsOnUoTLelDgMNKc6eSUk4/CmKrfkjrm/wDa7zOkbjhTykjy8OcD8MVYVAfYrVCSMeJxxWPdtCfzVVVgpLihuyVKWMnHzq5MoC77GYUf+gw2CT0GSVH8CKNCtnxlFld6mdVNsOMJPmD3XdD8cV32Sttp1IxIWjwsoU4M9M8Afmahpby/+XpskHH2t5I6eZVvIz5fdqe7NkJYW/M2kJQhJOPIcmmQrdIJkiamRpLUBQTuu9zU0P3gZCWR8tqaNXY9+u1HdJqFZbiW2OwPQd444f8AtCs7W6Zu0/YoqznvpLTyuOpAW8fxFaK7CUldnvdxP7UtuKM//bZSv/vEfKmET2S/Y6+mb7Qfabc1En9FWy021s46d62p5QHwKR9aHXtFTUTr7eYgJV9onRoaeegLbQP4k1fPZz3TNQdqeoxjEnVjtuB9RGaQn81mgx2r3IXHXKyCcHUCyMnIKUPnn6Iox8glLQIPaauiHtQKhocyQlKccEAZyR9SKBsCN3sgNKHJJUc/CiT23yXZeo3LioKU1v2EkHBP3uvwPT3VC6M0m9qUGUySktngjp8D9KxcmdO2b+Jj7pJEZHshLMZJayqSrdu6YGaKOkdCtvBsyEeBABSMcfGrFauzJSoVucwCY+V8jqlXOPy+lEix2GJEZUHkYJH4Vx83JvUTv8bgqL7SQJ7rpeOuNIjISNzigEqCeg4zQ91Lp+baIqnAlWxsFaVbTkAHoa0neNPRH0F+MQFIOAnPWoCbp63yW3Gp8cONrRjH/vr+VJi5LiXZ+EprS2Z9cW2xJgSX04D7JGcdfX86gpaYyZwVFcU4d3kMD5UZ9Pdlbr2sbLbHm0yLXDckOrUU9GgdyASRgknYMc+dEG4djWmIktNxRb2MpOU4QMZHTjp9BWtciKpnM/w5tNFT9lmS/G1bebRJOwvwkubVdVKQ4APoHDWxWhlIAGflWLOyy4PQO3tEVpAW2ufKhuj93xDOc+RAPyrazSceHHzFdTG+0EcfLHrOjpI4JIwK8R1B46UottW30rzYSCo+XFOIJLR4cgdaUQOPEccdccV1tBSBgilcJABxjA61CCQSlP3hwelcvJyE9c0qdxJ4HHSvtpUlOORnmoQTQg7Rx8z5V6QMjdnpjpSwRtBABr0p458qFWNerOGmysYxkGulxFAfdIzSzLvdDKU5J91NrlNRHYXIlykMNoBKlLOABUpCpjWQ4yyTvdSCegzyarOq9d6a0hbnZ98uaWENgEpQdzhyeMJHJoJdr/tPWWw3B2z6OiCXPZUWn5UpCg2k+YSjhSiPU4HxrOt81Xcdb3IzrncXionIQAENpPuQOB+fvqFiNCXn2s4LDrqLNZFzUoBCHHXO5CvllRHr/LFQTXtZXmQtTcvTsUNEZSW5CgUnpg5ByPpQMTYnH1hSWnHVE5IHU/Srcjs2Xc7Mhy2xXWZSU5WFE+IfA/GqZZIxe2XY8M5+EH/TXtEaTuUeO3NcVCkLT4kFJwk+m/gHgUV7Lfo1zYTIbkBxpY8Cwcg/OsA3izXuztfZbjbnEJR4d4BwfjxXmktdah0RckzLDdXY5CvG2lRLbg/qrR0IplNS8AcJQ0z9FhtIz6V8UHy6k0LeyPtqsuvmG4a1iPcNuFxluAqPHVs9Vp/EefrRXGVYxgUf/Qp6GxRnOcD3VwWwACU9fLFPAkHqBk5HTrXhQT1646YoJJjI/Os8vNtEk7Ug9am4ZDFiuEocFaNvP7ygD+BNQCF7nlukjw5A+VS8x1LNhbY5SXHknPqAD/EirUZW7QhaG1LksoVjKlbiB6VZUuJM+7ytuS004hJ/eSjaPyqD06EKmtKOQkYB4zxTqO8py3SnjkLkrAxnzKwT+Ro0ATu57qww45Ge8fLnySkD/casWmUGPpW5zBkeBaB7jt2g/XFVi+rG+HGSdwDW448iVEY/y1abeQjSzEcpO6ZIaSMDqC4D+QNRCSLOGUx5dmgBRPctOKIx02pCef8AEa0t2IRxH7PG5JScTJsl3r/VdLX/AG6zKiQheoFO58LEQDrnlSic+7hFab0g4q09jEB/cW1osy5oOOUlaFOg/wCarU6EO/ZZWXeyh7UKyc3+93O57s5zukqRnP8A+us5XyWu5amgyVk/r3pEpRx6oWfzIrTHZrbRoX2frbbS6lZt1mkPFxI2gqIcdJ+qjWW35Da76ynJIjW9xZH7xKQPzNBMEkDjtNYaf0xJuKyCsXdLSfh3Jp12Dc2yY8+o90mR3eegACQTz8/ype+2g6o0yqyxluIkvyXJjOEgpWUkp2k9Rxnn4VKdkFlMbRzrLrakrVLdLiVcEEYSQf8ADXL504STSZ2vjcM4OMmtMvh7QURmlt2+2l8JBCRzkgfCqtce1e/iSoO2NERrpyTk8fGubo7fA4uNaYrbQAKQ4ocfE+fyFUuPpnUk0yZGprg2t4kJjNsIB8+ScJHu99clY01aO8ssotJBT09rCRc8o7snPQAdc0nq2+PWNgFaCkr+7uGPzpv2e6dfs86M4VkkjCtw43e70q3dq+kRqG3xdre51knASQM5HX5H8zWdL8qNu3DsCyz9purUXEfYP0clA4AUeQPiTRAh65v0hCBOjtFtRw4lPOAfMGhfeOziS/CaisuOwJDa8l7YVBSTxjqMfGrxoXRl1irYAuEiU02na4qQoqUrj19MjgeVauqjTOdKU7aoqXZsl63+0o1GktlsP3aX1QVcOIcKPqFD61uVsEDG3P1rNlrsDNr7YYF7ZipVInyo8dThSDsbS0NwHoVcc+g99aYQnjzwQOtdvjZFOGvR53mYninb9nScFIxXIbycbs855FdAEDAFd7c84+daDEcYAwnnIr4ZPAB+FLFs/eIyD512lrw56Z86hBAox+zjNehOMAZpylhR4xj5Uv8AYV4SQPSoEZ90T1486+S2SoJTg+XSnaY+VbSD08vWn0GChP6xXA+FQl0LWbSU+5A903njOMgUBfbhv8rsb0rDsDd0bY1DegHGWmXUrdjtD7ziwDlGQcJ88knyop9o+q7npbT0y5WqStsRmy4VJUQQBzxjz8h8a/LjtG1te9b6suGotQTnZMuY8pZU4SSB0SOemAAKf8VH+gjbZAlch+Qpbq1uOOKycnJUT6mih2c9kuodWSEnulMR08rcXwkD0+JpHsZ0fHvspdymtEtNHCSc4z/GtVaY+y29luHDQlttvpj45rh8z5D6ZdI+Tv8Ax/xv+Qu8/BN9mvs4w49tLgbafWEje4pABPuyT/GrjL7I4NsjqKUo3EEZ8/mad6d1tIt8T7K0spQoeVPpGp/tSS0pZIV1z51z5ZFljbeztwxfS+sVoHN80LAlNLalxmn0qGFocSFBXxzQV137O9vuSVydPt/Z5AHDfO09OPdWlZ8xktqyn54qLhSoyHMupBA4waoxZ8uKX4MtzYMWeH5owRItupOz2/pRcESIMyOQ404MpIIPhUlQ69OorWnYd292/XLbOnNRvNMXoJw24eEy8Dy8gvHl0Pl6Vau0TRmme0azuRLhBbK20/qnQkBaD6g4zWKdUaevXZrqdyMxJUTDeC2ZDSilScHKVAjoenzr0WHkLIqfk8ryeK8LteD9GE4ICwM+VKd2QEgEZ+FD7sN7Rh2k6KiXR91Krg0VR5iQRw6nGTjyyClXzokIbJVkeQrSkZIs/NaOMgIORlQ8up61J3h4qaisJxhAUrgf1iB/CoyOB9oSgk8EqHu4ruc6oyOTwAAfpVpQ1RJ2l4MsSXk+EpQofDjA/Kl0rAiMt5B3K3YPngf+ajm17IZxz3hA/jS5cytpKSRsBO3PqcfwqE8Ht2dC7lv6d0hKePcP5mrc04ptq0wh4SFhw8/1UH+NUUuKfmqKzgKXjrnqcCrUieBNZ6kNNHr78CihJE+mWlt65SB4lYS31/qozj/NWne1t9el+wi9sMktriWL7Cko42lTYZGP8VZW0yDdLtDt4AKbhcG2ikDOd7iUfxrS/tIvGT2Yu2RCsKvVzt9vGD13ymyfjwk/jTCVouGpFL0/2FKty1+OPYGYKieuVNoZP51kdyZtut0kBRIbiBs9fMk4/wAtal7ergI3ZpPbTx9pejMp56frkq/JJrHq53gvD2eXChIwfQH+dQD34LDpxqMxZ490cGVRWnl7fNQUTwfoKk+yl1xcR9csjMmW67jGB4sHp8c1CaZltqmW20uEbZsZTXJwCdmRn44x86mrA2bHc3LXuxtIdbSrnw+Yz6ZFcDnJxzP+nrfjpqfEj+1oI0uwW51tWEpA6kDzplG07CZc77u29g52gdT76UZmFbWFqJ91fPTRGZUnneoeHnj3VznJrR2cWJNWLxo7SpCGWwNxVnjyogXqzwntOxZLAzIjpy4B+2KC0jWMjSr5dehPPOvKChsSCAnHvI91WdPbJEEcpSwFqKNrYCgMqPlj41IprZbSSJVDMCe2hzCSMcKT1+dPGpcKC2pCEjfiq5DkzGGw+pkJ+0AOBI6Jzzj8a9ekjb37pDYTySasUr0Z8sIKLkSGlg5K7QVurG5tstqSD+yoNdfxTRyjLC2xznGKDfZm0qY/Kva0cOSFIQsjqE4TgfDB+tGKCn1HFd3hQ647/Z5D5KfbKkvSHaUEjpxSiGyQCMkenrXaEKGDgkdeacMMqJ4HyrYc8bZABKuMefpTW33y3T17WW5Jx592Bu94Gc1JS7e45GdLScuFCgnJwM4OKFTOtL1paSpN00bIbQlWN/2gnI9QUtkdPf8AOilYrdBqsjEKa+htT6EFZwA54cn0GeKKFr7P4zIjyL7bJKIT3IfQkkEY65H5Vme19rGm7i2mHKbehrUcBTmFNkn3jkfMAVujTWttA3jTrAUURPsbKAWHMAghOMpwSFdCM1ZCvDBbYFNa6Gi2SUiVaJSZcN0Fbagkgp5PhUD58VSbnL7sFphPiPHwq7691O05cXGLc4r7Mlaijjrk55ody3dy+9dODyc1JpLwSLb8gM9qjV7enuz+Xb1PEOSmVK2hRGMcI5/tlP0NfnYhImTm21q3FawMfOtQe2/qB6RqSJZw8Q22ygBP72Csn06OIrMNjZU7eI7KTypxP51mySpGnFC2rNQ9mtujwrQxHjJ2oSOMeZzn+dEi3tPJcSUDCc8jB60M7HfY+mLZHdkjcQkBLYI3LPoKWl9put5alrsNijMpGQnvjux7+oryOSGTNkbR7jFOGDGkHS2qSkDvF9DTxybtOGXPu+nUVnVrtE7Voz4TJTb1oB8QLWD8iCKIejNTXO+qUmQhKVEDlJ86Z4pQWwRzRysID10StJK1Y9TSCZTajvCxtJxnyql6/u1zsdvKoCkiQobUFYynOOuKB1w/5o1C6XL5rOR3alDLaXNqPkkYH4UYYe+7BlzfXqjVrJdCStpzcDnOKzh7SUJPesz0oSVFKkqI8jx1+lNdNWy4QZKf0bqx1LrZG1bbxBH0PnU52vw7jeuzuRcpwS7LgqQ4VhP3wTtUfjznj0rfx7hNbswchrLjeiueyjriTYO0NizvSy3b7wfszgJ8PfEfqzj3kbc/vCt8RoXfpByAg+Iqr8tdArWzcUyUqUhaXElCgfuqByDny5Ar9MNF6iXf9IWq8bsGdGbeWkfsrIG8fJWRXehTVnmpedH5tRV/rMqGOAMVw4d7hX1KyRmuWFbUKdVgEk9Ph/4r1SSFpwcHg4pitvQ8WsjY2DwBnFdNOp3rXx4cY/Om4cBcCT1xjivtwAWSBzkjn6VANpi0cEvNlWOVZ5qVaeSH1KychKRx681DsYLySDjAPOaWS9jvHN2euPpUEYRexyOu59oemoxx4ZqH8Y6d3l3/AGVojtnUJl47ObHjJk6vhyVJ9UMIcWR8OlAn2b4hldp0F7ORCivvZJ6fq9n/AHKOeskvXHtr7N4qGlFmEm7TnVbcpB+zhCOfXKjVkWJI59p24mPoWBHQrxP3NvP9lLTpJ+pTWSVPn7HJJV/1HD8cVo72s7iG7fp6CnHjckvHnptDYH+o1mDvAqOlKjncvn060HoCskLhPejuxXYzqkOR0hSFJ6pIIwRVls+pJ9wuLcu4SC4+popBACeAT5AfGqRMd3yAknokAY+NSdidIvlta/ZW8lsgeijg/max8nDHJFtrZ0eFyZYpKKemw22O8NSWksrUAodSelNtQ6uh6bdQZSA6+6CptOeAAcAn3dfpVJlXOVZ7gYqE52Lx199TEyxRtVS27hPWMNshpKBxkZJ/jXnJQqVvwerhlajSK5qjUk3U7/2l2WllrbtSknAxz5D41AyYW5DaE3dC9w6BX3cVe7pYtL2RkvLgpKEjkLQFD5ZqDt+oNFypPdtWltKiTnLKeTir4Olojj23OVMn7F2jS7YIlplOmUjKEKVjdgdM/GrTrC8NQ4aYwc8S1BSsf1RVbVpWyloTIcVLKk4UNo6n1NVzWU6Wi2y5sh1e9QDTI8vfz8M0cWNZMiUTPycsseJ9maj7PrebVpe0RXHVOLU2h1fruWd5+hUR8qKFsZLhGPngVQbGFog21BAJDbIOPLgDyou6Igx5L4+0nCBjOa9Ko9Ukjx0p9m2xJqG4TkggYqw6XtcCbNS1NkiO3n75TnFSGoXbU0lLMJpIwOTVZRJWySUqIOePdUoW2E7UWk9DW+3iTbdRJlPgYUz3ZBzj1oXXKBEW4UFpC05ycgGlVzXHPvOHPvpusk4JBwfSi9EWyNcsVnB3i1xioHJPdJz+VTMa4yo6SEOKG7g4NMyDnrwa+6HgfHNRSoKiOZEt2QrKzn31FziNmPM8U8wcAnIz6VGXtwR4Dr2SNgKj7uKDdhSo/Pr2uJD03tjubLOXENRmEgKPDaiygkj5YoXdmNsFw1dEbfJCEFSlYwegJ8/hV87cbgm69tl7WfEFKbZyemUso5+oqL0fbW7XqcOIASnar3c4rDyslRaOnw8P2STX7C5Ns7KWf0iqI48Y5GClBVih3ddRamnPPfZUTIURrPdHuVpLhHlkcj5n5UftByG3IqQsBWTymrqrsisOsmitD78CT1yh0lKvkrIHyrz2HOlOpKz02bBKcLizJNnZ1PJbVIefmBYWkBteQFJOckZPBB/OjP2Iqnp1G5En7VMpSg78ZPOfxq4TewNNrUrbcEyCnOFLBCj8skU50dYINnuKIjKwH0Kw5jqpXqafk5YzdRROPhljX5Oxl26Wl92AlMNJQhSxvUP6vH/vyrN9905dGmVGItwPBfBDn7HxHnW19R2iHcIebgRsSMrHqOf51Qo/Zlo+7uh2Lclt5PKUqz/78KGDL9TtofNh+5UmZasemNZy3GkRX1JfB575wkEZyMYBUKO8OwXKVpCXZ9Q+L7YytlW1RWlO4YyCQDwT5+lExHZ5pizNhUZtb23otaypXB9Bx+FNtVxmoNtwwn9WtGRx0+NWyz9p6VFMeHLFHbsw3aZItU5bDze5CF4OOCMGt1+zxqyJd+z2NGacSoQpLzJAOSgKWVpz8l/hWFNR2mTDu0u4pWFpdmOhQGOMrOPL0ou9g2sZemrpBlfagiLLeMd5JPhyegPuyrz6ZNd3FkuKaPN58XWTTBS2CGQCeo59MmuhjvQlIOBngfnSeSQEjjGPnXSFEuZUo8jArUYL2KJJRuPPXqfdXqAClKSAc4yPWkirKSlfrn45/wD7XR5Ax6evpUWw6Fk5LhIO3gfOu0L/AFWOASeB8TTdhak7lq5INLtjhLasEnA65qCMOvssxd+qLtc847m3hr15W6k/9ujA1Pcldt6IO9XdQdOd+QPu945IKR/lFDb2Woq2oGobioA989HYHu2JWo/6xV+0iPtPazrK4FIxFi2+Ig9eC2pah9asSKpAz9rC4qd1DaIRXyzAU78N7ih/soAhf/RQrHrRa9ped9p7QHGt5zGhsM/DIK+n9+hIEEOhOCSkUJW3QyOUrLso4IwCKeW6T3N1huH/AON1Cs+mDmpCxaB1lf3u9tWmLnKaJ8LrUVxSCT+8Bj8asjfY9rCxzYc3VFv/AEc264ChtbiVOOJTjdgJJxjIHOOTVWRqMW34LsEJSmlEt2q7RHkRxO7gqdQAMp6kA/yzVLd1s1aJbUZtJCQnHJxnjpROkNkxgkpJynj40JNf6PMxZlQyUSRyUk4SR0yOOtecx9cj6yPUZO2JdokteNcW+4Wd6C40lUhSeDu4HP8AKqTZbnBtlxMxTba8D7quQKrb9tukJYL7bmUnk8nNIJYuLzp7tleScDg1tjgjBUjHk5Tm02E2V2kSpMtltlCUtoOAgeYqT7TH1DTFtQtBQ5IDq1pIwU8pAz6HBNQ3Z52evOOC6XxI8KgWms+YPU48uOnnVk7W7dPdjQZKIrq4qf1S3kpJQlalDAJ8s++jx4xjnUYicnJPJx5SkavtJyuIz0AUj+FEyxzFR0kJOD65oWWhwGXFb5H6xJ+lEqCEqT0zxXabPPxJd+Sp47iokelJIJzk4waRSCVHnpSvUjPT0pWx0qR0DjHx8/KvshQGcV4ATweTXYHQEUAHykpI8vpXhQcdQMGu0p+gr48DAzjrUJbOQn1HwFROomO8tchGDygp4GePOpfr069eKZ3BvewtLisIKSPwqDL+n5i6+Stjtfu4knBNydaz6+IhP4YqwWy3SY9xRIdbGxbn3sYUMjpimvb9ZFRO0y/tKQUF2V3w9RvAX1927HypK0asjTYCH7hICJUNSGX9xwFKzhKv7355rlc9SX5I7nxs410YZNMTf0Y4hTp8K8YFEmHrlmNF8LuFJ99COO4qREYeSroOtO0Wm6zmw3HkpT6lVcB12s9Rjl+NF7n6xuGoZColumLDxTkHdj8arznaNZ7XOYhwWnEPtEh0uAgqWOD4jwTkVDR7I7ZXUpugfdbVytxhQS4D+7njriqvcm0Rrk4ht3vmVqOxS8JcA9FAHr76Ljeyd1YaHe2uJFjF2XDD7aMBaSrB+WM5NU+63R6ZOd1NpeK9DiycLVF3fdV+0ce/riqbZgpa8TGE9zkbVF1Pv99WxiY1EguxIcthxx0jJCs7Pcn+JpvQnb2TVm7QH1ISH3iFjqDxg1LTtRi8wFsqcJzkDHUdaoX/ACjJfKpX2soWrkgDip612dUJrK3d2BkEeR+FRNWWzl2jYB9WtRoVwZhlHdrmTkgpIyAknxKHqMmmmnA7DEyI2rDaFKcx6FB6j3jmo3tLujz2t3yVnbGcUhoA527XFZOfPJ5+Yp7apKXHouVbzKcUng55Vn68mu/xtQTPJc13la/RBt7d3KjkDy9fOukZKSScnnGDXGFKC1YGfpXqSQyDnlXOf4V0jkf+ioSRtHBORz5iu+6G7w9dvSvEjepIGenpTptrIUlJ6kYqEE0A9yrkZJPl76VSFhaARkdcCtXdgnsX2ftC03H1BrTVM+I7IbQ6LfDaS2ttChlJWtwKCiRg4CRj1NaJ0p7F3Ybp9Qfd0yu7OtnIcuMtxzPxQkpQfmmmSXsFNmZPZ0jKh6CkSDlJlT3XAcckBCE/mk1dexewXzU181jcLXAekd9fFxQtKcIAZQlPiUfCOvma1MnsV0FFitRoGmYMWO30ait9wkZOTgIIFPkMWiy9zYrHAZjoCjhtlASASck4HGSSST1J601i/W2zNl59h53W+s5mpdaaz+yxJgbKIkBrc8CltKcFa/CPu+STRT0n7NfY/wBnkdtWn9KR3pzAAM+f/SZJPqFK4R/dCaMSGVMshxbhccT6+QrhTCXUOr2g+HI99S7GUKAXere1Eu0iOEHgkpz5iqD2taeN2sMe5sN7l21ZWvAzhpQG4/IpSfhk0XtYREC6mQkdAAfjVeWlITgpCkKyMHkEeYrPmh9kHE1YJ/TNTRmCSlotbFABSQOfXj/+VXbnEZeSpDgzngHrRJ7T+z6bYXXb/p9lT1pVlTrSeVRTn0/qeh8vPjmho66H0bk4AHn55rzU8MsM6Z6nHkhyIWioTNNvFXgkIUkeS09DXdr00wghyS4FLzkbU1KvNvLUcJx6805hIDYCnFA1assloV8XG1dEvbGUNpAxtAFEHs0ifbtWMRXAl+HJivNSmHEhTa0gBSSoH0UBj40NkTMLynOAOvuo39iVjkNQXdRzGVI+2ANRQeD3QOVL+CiBj+znzFXcRSllTRk53WOFpl5iaRS9cEPwnA0ptWS2fukD0qzM225QE75UV1KD0c2nafn0p7YIaXVB3oUnk0VbPGQ1CSlWPF1Br0C2eXpJgqbQpeM+dLd2o45591E5zTthcJzb2Qrz25T+RFNl6MszoJQ242TwClZ4+RzQpjaBv3ak5PPpmu2xuB+FWq5aHmtZEN9t5vHQnar+R+tVuVDkwnfs8phbS09AR19MetAVnHAOc5rw5HGfxr0EAbhxxjmk1EZxjOOagKPScHIIHlTa4LxFUFA9Og86c7wc4Gc+tNZqtzDgGBnqc81BkjBXtWwDD7QEzUY/pcdpxRH9ZJUCPoBQELZkW27vKcKVtoZUnnqd+MfjWjPbEejqv1vDTYSUR1pznJICsD8d9ZyjsuOQpzH2lppLzaeFDO5QVx8Oquazzi5aRrx/jTDp2W6pYvFkjqcWC6lAS4P3gMGiJGmMsne0flnrWUezfUz9gua4SnihK1ZTnpu6EfMflRyhaqZf7tRVtI9/Fed5mB4smvB6rg8hZca/YTmmY14WtE4hTW3ASffVE1T2cFc4/YI7T7ThySlwpUn5E4+lOW9XI7kIDmD5Y9K7N9dWAS6FDHkfKs8JdTdF3pkDF0Va2lmM9BW9s5AcdO3PuAwfqTVw0rpeHHkiVMisMJSMBtCep+NRSHlbwrv+ScgbuT59aVN+MRWC4RtTzzVjdrQ7pLwXG7Ooho3NBPdHnjyFRMvU0K2WqXNluBLUaOt5asjolJP14xVTuWs+9SRu3DGOv4UMe1TUk86eEVDhbbmvBJA6rQkZI+GdtJhxPJkUTPlyrBjcmUO4XJu5CNOcUftLm9LviyFZVuBHHB8RzyegqY03JUZVtaGHO7modIJ/ZTyR86p7M6ClBjhoFWfCopxjjn8anrK+4i4x3WiAUqyPpXpIxUNHksk3kk5EgVLWyDgbsnJJ60s3vASCnPPrSPhG0c8Y6U9jsrWtCG0kqX4QEgkknoMVtMLTfkeWi13C8XOPbbbDeky5S0ssMtJyt1ajgJA9Sa/QL2b/AGNrDpGJF1Z2mQWLpf1pDiILgDkaETyMjo44PMnKQegPWufZD9mVjQcNvXusoiF6inNBcaO6kE29pQ6e5wg+I+Q8I861allKE/qzjjpRoeEexD3eOiL3V1jIKXYB2rSjjc0cZHHp1+vrUnCeQ7lQ6LwofOm94RjDijlp4Fp1PXgjH5VGabLjNtjoeWpTjG5gk9coUU/wqD1RO3GWmHGcWT0TVasDBenu3N3lS87Pdmn17JkNpb3YBUAfhTmBHaQUoTnAGRUeyKkOlOHaVLJxTRm4BsuRlpBPkfUU/abb3qbcAx7qZzIcYPIWhRCkHoPSpsjoH+o44dMhwo+86foOB+VVYsoR4VdD5UQdQtNlhZCQCcnp1ND2Ura6QfLrQJ5I2aw42oqaUkpP3k44IoSa07ILfPecuOlVtQJKzuchuZDCz57CB4D7unwozlO5Jwnpz8ajJ6YbwKHUltfkcVRmwxyqmXYORPju4mYp2iNU293upFhmepU00XU8fvJyK5h6Qv8APcEeNY5qicAlbRbT/iVgD61oN63ud4SxN2jy3IzxXTFsdUsB2YFjrhDOCfnk1gfAV+Tpx+UdeCg6O7GYrTyLhq2Q2/s8SILJygnP/wAiv2v7I49SelF+E0G20hCAhCQEoSAAAB0AFJRYrEVrJQT6FXJNPkt+FG0cqOTgVvwYI4VSOZyeRPPLZY7IVpjMNtJO913/ACjk0Smcswmt5yTzzVJ0my13qA4ndsRxnyyaur6gtxDSPupANaUYaHjaVJA3ZyetLoJTjmkCrwjz91dJJVgZwc01i+T6e+EBKAQCtQSPif8A01AXaOxf5ioLLG4snb34/ZOPX+Fc6tuKohSphClraSVJQP2lqIQgfUq+le/b4elLF9peQAW073tpyXHD1x8TUbsjRSJ8V2BMdhSCC40opJB4Pvpqogr4NJS58ycs3CYjauSS5jyAJ4A+VcIc42k84zVYRwtZAAxTC5PAIWSCnAwBTpSwrjA91Djtl1Z/y1pZ5mEvbPuCVMM85KMg7nOPQdPeRQboZR2Y29onUX/MmsZBYVujQAqK2rOQoJWolQ8+STQOlNPKWksLIVn1xRp17oG+WGAmdfYDkV2a33qGl8KSgk43eh4HHvFCN1tSVlspIIPpWbvb0auuivSA5HeS4kqB4Vu99EHSermn0IYmqwsAeeM1Rp6QUY5yk/OndnivSI6no4CnI/KkYzuT7qo5GOOaOzTxczwTtBojFh5SVtSMpPnu5qXSxIQ2EsryPXPShNa7xIQlK4r25PGUqPIqyw9XvtJLcnckAcHPHyriTwSgeiw8iM9hAj94UDc8rP0xTpy3F5rc67tCh5456VQ06q3dHOo64pRzVzxyhLqiQnBGaTpLwapZFXkn34URheCcjOTk9KEvaTeRdbt3EclUaC2GkY6ZPKj+X0FWi5XiUYri3HNgOccnNVq3aecudqlXB8Ha6pSQrHUjH8xW7hY6l2kcj5HN2h1iihpOFngdetWezr7x1kg8pANVqUyuM4ptX3gcGrFpw717Uj9j6V16tWcJE8EnekgdehFbG9ib2d032Uz2q6sgFUSK4f0Qw4nwuOJOC+QeqUkYT7wT5CgD7P3ZLJ7YO0SFporW1b2iJFxkJHKGEn7qf3lHCR8SfKv1i07YIelbbFs9ritsQojSWWW0JAShCQAkAe4Vq8FMcdkg/b/6P3kMEOIHAz1xSFvuwkpUy7+rdT4VIPXNSgWkkgn44qvagjGM8m7RBtUg+LH7Q99Quok5a0vRlsqOFJGQD51A2uR3dxnRirIUpEhIPotOCP8AElR+dPE3BEyKVhXUZHHIqsolFu8MOBQILa2V5+IUn/dUIWaWUqaClKwR5dakIKkAIUpQJIx1qvOyhsxkZ6fGnEOSW1JXknoMZ6ioL1LI66kL3pCeBzUOt9RW6vcOOfjxSlzniJBLy8biMDcetQvfuptpfeICnOevTNGwVrY2mK+1RyMevvqkXOMpt/JHHuFXRlBcawCRn31C3SJgkFPJ880rB6Kseu4cGk3o4eA3AKOOeKduR1oXgIpIktnCgME0FInoY/YW/wBltOfdTluHHZRuUkEil0FIHQeuRTOfIKj3SVcnih6IhMuGU/hKQlproPU1JwmStzrnH50ziNBttKQkZxz8anrZGOU5GMnPWmXgD/hM6XXi4OjP3SAOfQVdIx3uKdJ4zgfCqRpnBddfSDtWtRBx76uLbgbaHH445NPEqaH4WASTx5YpRl1KncA/dTmop2URwcepr5uWWYj01WSEgnjzApr0LRHTcXHUTLZTliLmQ8ev3fC2D89x+VQ+o++1JcWbc2SY6FhbiUjgpSc4Px4FWWFA2W/dIUlnvAFvLVwTx0+VVleo37lMXadExEFKP+vOcTx8vxx+VLZEMdURRGMdJKd4SSUjqEggCoIcjKuhPpT+fBkDUEluRMelvJhKBUs8ZHi4H0odK7UdMoyhT0sEHGDBfHT+5QJ4LfOuLcOK4+shKGhkk9OBUTatAOXmeNb6maR3gATAhuJChHSOi1A/tk8+7jz6TuibOdapj3yQy4LUhW+OhaFIMhYPCilQB2gjjI5PuonK06wY21rcDnO0+dc3mZ+r6RNmDHe2ZI7crMxNgSWXoQkOuoU2l1KCQkEZJGfPgY+dYXvKYsOY4lzJUCU/yNfrNrPREW72qTGwELcUCBjo4nkfUjHHrX5k+0JpM6Y1rKbS2lpL5Ky0BjunP2k49Ocj3H3Vn42T8tl8460Cqa0wtoutqyrOCmmVsuMq0y0vx17SOD5gp8wRXTwWEFeSMHmmoUFnGACDW3UkU+CaXLSh0S4qdiHOVJH7JqZgXFLqglSk+Ic88GoiyR48xQjODxEYGTgE+lPZdkuVnUl8Nq+zqVtBxwD6Gs04JmrDmaLPDQw91De70p8GorKd6UJCumMVXrZcmVK7vOxY9TU2hRdyEjoPOsUo9WdSGTtHRD6gll5aIbQyV8nHkM0UNEaaYd0El5bZUA6sLI643EH5dKFbTXfzXnySShQT68DrR27DXE3HSd4hLI3xZZCeOUoWlJH4hVTJk6Q0Z5Lu9mbtc2Ny23p5nbjJKh6YNR9glfY5CHSQQngj1B60YO1PTPfXNbm1O1WdpHIPl/I0I3IK4MlTC04ODgn8q6PHzfZjTOblx9JH6v8As2diLHZToGIJCE/py4qbk3F5PkvyaB/qoBx8dx860MiQGW0tyOQU4zUY3FKIaQhJBSoHn0p0V94hTS0n3HHWt3YRJLyLLeQSVtZ48qYvXAPKMZTeQvgqUKaSxKikrjugpxkpUaTalsykq3cLwc4PWj2JVEY7ttzymyv9Wo8AGqpcLp9lu7Ta+FKeT8CCD/Opq895vWyUqCk8pUfSh5rSW/HuFolLPH26PHJz5qdAH+o0WKEV2UvcM89DzVhtbTfcodexgc8mqxCUHlgq5CcVK3G6JgW1bxWkAA45wTxQiyDO+XRy9Xpu3NEhiON7mD554H5U5uLuGW2MgE4wKrmmHi7veJy6+srUfdngVNPrL0wDySfrRvdEJe2xgWsqPA+dR9yjheeDjOOlVDtL7YWuzF6DbxZDPcmMF8n7T3WxIVtA+6rqc1S2/ahsEhG6dpy5MHzDa0OD6kp/KqpcjFB9ZPZ0MXxHO5OFZ8eNuL96CNIhbVYUP4Uwk21Y8SRke+qba+37Tt6uLVutun71LlyVbGmG2W9yj6D9Z8fhiu9Q9utk0/Pes1303eI8xggONOIaGzIBHIWc8EGkefG12T0L/wANzu3RY3f+ickq7kHIAxUYyQ8+V9QD19KH139oPT8lRbjafuZJSTgbMgdScA1Cx/aGsLQyLFNUc/8A1EDIpP8AIxf9gr4bmp08bv8A0HKK2FLAzknAAqyIQ3Et0iWr/wCNpSvwzWeI3tHRSsGFpZ1Sz0LkkJAPvwk/nSkLWOv9U6ltip8yfEgTTuSwyVtR1tgeXksZxySetFcvFaUXZd/wHMWOWXJHrFK9v/4aL0ykNQ2fLw5wTU25LAGKhLQgIjpT5YAFLPyQp0NoVnOPlWtM4bVD4SHHVhI8+OfSnk6UiMzGiqIytYwPXHP54qPt/jkDJ4R1qIvV17m6yrw4nvI9qaDDCCM97KXyQPgCkfE+6oCrYtqi43G/3NjRdqdUFrTvmO44bb4yOPd+Y9asP6Miabs4jQf1aEDA2jlR9T6k0honTy7PAXPuODcJp72QpXkTzt+X5/CpGbGVPeSlcgFIOEoSKhEimwre7CjXbUVxkOLHcL27+oGCf4DFUHQui2tRSjNuCT9gaWAoDjvVD9ke71Pyqzdrd8dW7C7PbG8G3Zq0fbHc57poKyc+8gE/Ae+iFp60Way2hmOpxLLbTYSkKBQAPXJAyT5ms3J5KwR/o+PD3f8ACatlrYbjt/Z9g2JASlHRKQOAAPdUmIjqEoX3XJPnXVjQ3HY3NFDravEke71B6GpZ3unkp2q6jzPINedyZrZ0IwpaKlebYw/Gfj4wvOSVce/isCe3fpCEiNbL66yhm5NkMuL83myDt+BBHzzX6GagkmOgsQWUvylt7ilRwlKR1Kj5CsAe07Flay1CmLOmKfW0pSEYHhAA52p6JG75nzo4cr7qi5Y047MMGC44yvw8c59KhygpcUBng4zRDvEIWkyLcU/rErUgnHnnr+dVMwyUrc2+AE4z1NduL9owzXV0xtGdXFcQ+nORzRw7PX7DrCzu2m6oHelISecEj1z6jy99BP7OrusbcqTkipLTF8mWK5tzIqyRkb0HzFJnx942vIcclF7LrrPs9laPu5t8lBVHcIMeRggLHkDjorp+fQ1GMyXrcnu5RBQvhDlaE0Lc7H2hafVp/UkZEoLQAgqQA4gDhCkqHmnpny94oV9oPZ3dNGylW6fl+G/kxZWPCseQPooeY/hXOhmU/wAJeTp4112irWJKVpWoEeJ0+IjPU0TewWaqHqq+2F8LDcyJ3yfTKDjH0cP0oTWCT3Dz8R/JUhWcn0q9dnM1bHaHBBeViUlxhZTn0yM+oykZz8fKkyvTRdpxCtddKs3aC86WwtaFAJ29cDnj8vrQV1no0pkKCGcFvxZHrjpWq9N2+ORIW9t3L8PCuhwOfdUBrWw6BXEUb1eoEcBJ2vKkJStJz5AHnnywfhVPG5P1OmZcmHvs36HkBvac5GeM+dN1uFJyFHGMhJpZalrB8SFJ8j5VHuHK8Be0jyJzmvSKRhao+fK1npkdah5jD7B75oY+dKzZzyRtSoBSegqvTr1eUuHxJCR1HrU7AfklnZ7EpPcSkDcR944oQ9r8cvXzSMWM4ohu+sPuFKuNqELXgj+7VnuFzkLJeKseZwcEUNZGsoN91y1YYzqXXbclcl9Wd3dnGwD4/rD8Ka9CsNdqktqZ7xZHIwfdUDqi+faVJt0dYKM+LnrUHJvTkeOW0KA3JwRXFkZVMmt78qUfGo46ChYWi8WBoNRUvKRghPnT+LlcjJJ4Pl5U2DiGWEob6dKXjLLQyk+VMhDPPtCyZl57TY9kiNKddRHjxGUDGStw5A92Ssdasml/Z1tTEls6yvapTqGw67BgpO0egU5156YAGccGqVfkRNb9uMmBPuwt7H21aFyA4EKSllOMJUeAo7MCjjpXVWnrjeJtp05K32+wNB2bKLved+8rcOXFElWAhRKievuFcKeNZs8pyPoWbnZfjvj8HHwa/G3r9/3/AGVcxdO9l8i5alg6cQu+vtbYtphgufYo4H3nFDdt3YClq+Q8zUXo3QzV9uH/AD52lQxcZ13/AKW3EcA7phkgBLjifPPAQj0x1PS7Qm4NtsZlMXG2tm5vOPzpH2hBQpbisq8WfFtBKUjpSV6kNy9UW4O6htkeA2Q43DbcHfy3Ak7d5J+4nqAPStCxpqvRyX8nkUW4t9nq/wCfpA51jGs2gYd9n2KxR0TLkHWmw03lQcWMpZaSBwhCfEojjNZ1t+m73cXxGt9lmvr6ltuOtSkj4AVp67ym3UTr/d77bWUx5Rbc7he4IioOS03nBK1nG4+efdUjpeYze9PQrw/dHkM71S5LbiVBK1E5QzuOPCOOE53fOqsvHWSlF0a+F8s8EXOa7N+2B3QHY3qW9LmrnR1WpMBkuYltqSpStu7aE4z0I5/eA6mjFbm73Ik6ctGozHakWiGhlmG2craQQkbnMdFkIHhHQD3112gdqa+z2zxrfbLfDcvk9oPPuOEq7lskkZA/aJzxnAA+FR3Z3rlXaVqmXqI2lEExkNR1hK9+5YScqzgH9oDnyApuJihjydb2L8zzuTy+J9koVD9hniJ2MgY/Gk9qUqU8TyOADXqHdjYyecU2U6VrCABnrXa7Hh3ok4jiI0d6W6QAgFR+lMIDbV91CgpCVRbTh3phK5K+c+/aDn4muL5MEGyuDbkkbcHzzxUhouIIFpaS6R3zqi86fMrUc/lgfKj2QtUWxLCVgd8dxI4APFMr5c2LHDLsdnfKd8LaPPNOA8lHjX4jjwgD8aYuRhIfM6Zzt+6jHSh2oiVsE+prHJt0JV/fcWZ8ySEd6T4klQUrAPXok1YtC9qTjTCbBqaWs+Hu2pSzyf3Vn18s/X1pHX0t2UmOnBS00+FAY4JCVD+NVeTY2bg2XGkeIgZx1zXD57cp6N+Ckg522OuOpM23S+6Q6clvbltXxHkfePxqaTcw+0tDsZTEttOdrx4KSOoIPI94oE6Y1xedHKagXYOS7cFYSojxND8yPd9KMFnvdt1Ay2YzrTqSe8ZWCDjP8PdXIl5NcdkfcJ79thznn0l6UtpxSACSScHCfUgYxWRnXIV07VVQrk2Wcpc2Ic6H7p49OAr61si+W4TUmQ2kJebASQOBj0P161k/tnsa7DrK2apYQUtulUbcAc7ilSQPTqpP1p4T6jNU6MTdrLTbGv77Hj4Sy1PkJbAP7O84/DAqkylAJ2pSnakdPjVz7Umnm9a3Vx0Eb5KlHPvP4/8AiqxcLYqOy3JQdyH0DB64x1Fd/jyTgrOfmi1IiwDtCsZyMjimrjIbeJxjfz1pygFKNoIJQMHNJuhJSnPXNaCgKfZFfn0qVGQ5iTCUHEjd95GfT5YrVLVmsvaFo1UWbFS+26hO9PRba8DJSfJQzkH+GaxP2e3Vmwazts6RtEVbyWZGeMNL4J+Wc/Kto6Ubc09de5DhRGWrG9Q8Kh5YPwrg86P15OyOpxJdomXO1Lsvv3ZtfkTHW1yLZJXsYmNp8DnntV/UVgHIPpxkVA2i9psupLXdVje1HkJW83nlbZOFp+acj51v+7aWsuprTIt15gtT4Mnh1og4POQoEcgg4OQeMVmbtQ9ma52DUEO8WRpT2lZM5lh15vK3bela0pPeDqUjPCh7gcUMXIjlXWXkuetEtN0DGf1HMYircTGfy6ztJ2DcNyT8xxTfVvZhFVod6ckFM+3LK1pHOWgTuGevQhXyorT7QwlCZtoZf7iK2mOglHK0JHh5PVQwPea5EiJLD8KRGS+xcI/CeoXxyPdx9MVzpy+udosirR//2Q==', 'commentaire');
INSERT INTO `trace` (`id_tache`, `libelle`, `date`, `photo`, `com`) VALUES
(5, 'trace', '2022-07-29 00:57:01', 'data:image/jpeg;base64,/9j/4AAQSkZJRgABAQAAAQABAAD/4gIoSUNDX1BST0ZJTEUAAQEAAAIYAAAAAAQwAABtbnRyUkdCIFhZWiAAAAAAAAAAAAAAAABhY3NwAAAAAAAAAAAAAAAAAAAAAAAAAAAAAAAAAAAAAQAA9tYAAQAAAADTLQAAAAAAAAAAAAAAAAAAAAAAAAAAAAAAAAAAAAAAAAAAAAAAAAAAAAAAAAAAAAAAAAAAAAlkZXNjAAAA8AAAAHRyWFlaAAABZAAAABRnWFlaAAABeAAAABRiWFlaAAABjAAAABRyVFJDAAABoAAAAChnVFJDAAABoAAAAChiVFJDAAABoAAAACh3dHB0AAAByAAAABRjcHJ0AAAB3AAAADxtbHVjAAAAAAAAAAEAAAAMZW5VUwAAAFgAAAAcAHMAUgBHAEIAAAAAAAAAAAAAAAAAAAAAAAAAAAAAAAAAAAAAAAAAAAAAAAAAAAAAAAAAAAAAAAAAAAAAAAAAAAAAAAAAAAAAAAAAAAAAAAAAAAAAAAAAAFhZWiAAAAAAAABvogAAOPUAAAOQWFlaIAAAAAAAAGKZAAC3hQAAGNpYWVogAAAAAAAAJKAAAA+EAAC2z3BhcmEAAAAAAAQAAAACZmYAAPKnAAANWQAAE9AAAApbAAAAAAAAAABYWVogAAAAAAAA9tYAAQAAAADTLW1sdWMAAAAAAAAAAQAAAAxlblVTAAAAIAAAABwARwBvAG8AZwBsAGUAIABJAG4AYwAuACAAMgAwADEANv/bAEMAAwICAgICAwICAgMDAwMEBgQEBAQECAYGBQYJCAoKCQgJCQoMDwwKCw4LCQkNEQ0ODxAQERAKDBITEhATDxAQEP/bAEMBAwMDBAMECAQECBALCQsQEBAQEBAQEBAQEBAQEBAQEBAQEBAQEBAQEBAQEBAQEBAQEBAQEBAQEBAQEBAQEBAQEP/AABEIAPABQAMBIgACEQEDEQH/xAAdAAABBQEBAQEAAAAAAAAAAAAGAgMEBQcIAQAJ/8QATxAAAQMDAwIEAwUEBgcECAcAAQIDBAAFEQYSIQcxEyJBUWFxkRQygaGxCBUjwSRCUnKi0RYlM2KSwuEXQ4LSJzVFY7PD8PE0U1SDk7Li/8QAHAEAAQUBAQEAAAAAAAAAAAAAAwECBAUGAAcI/8QAOREAAQQBAgMGAwYFBAMAAAAAAQACAxEEEiEFMUEGEyJRYZFxgbEHMkKhwdEUFSMz8BYkUmJj4fH/2gAMAwEAAhEDEQA/AM8uF/VY4f2y+qSsKxhpCdqlc8dz2rxvqYu4W/wonhRGh5drQAP4nuaz7qXcZM18oTk+wHoB2qk0lY7/ADnkJYjPCOs+ZxYIRj15P8q8oxp2SRmV1NH6L2XG4bGYg93NayxMeko8TxivJ+tR2bbd7hMUxHjPOZOThOMCptskxNNMNtwlJkTU/wDfLSClB/3UnjPxNRrndpkk+JIfWpSzlXOMn4gVWZHF42O0xC/XokEek7pMlD1vdXHkKAUOFJHOKmw3UFrxSoj4etU0VsuHPOSc4+FT1JUlIKVcp9Kg/wAzlJt3LyXPYOSnIn7VlKUke2alsXJvftWrAPr7VQb1J/iZJBOKdU4FjynGfXNMbnyatSEYWlFBKkp8VGDkfeApkKlFwhJCgfhVLGucmEoIJKmiexq2ZuDbqB4a0gnuD3q2x89kn3jRUZ+O7on58KKptC5KELcTnGPTNR4MSBEyIrBaXtCAR6JHYD2FLKwsneon8KUAkDckHNWzMlxFatlHMZCU4l0EkOFQPfJqF0aiv2hi4xbk0WV/aMp3diNyuR+GKlqWkIA5zTsV5RcDiQMJPPOM/OlMrQNPmnEOIR8uVHUOHAc+xqG+82c5WPgM1VRr08gFsobG4+3IpL8xcpWHFIOO2BQw4Hqu0uU8bFny+/vSiAARn1qmMgsk7k9vQHFS4qJ85ovQ0OYSeSrmltpNApdLgpigT8KptZY/0PvI7kRVY+eRUpM1xt37PLwhee/pVdrx8N6Fvz4WFeHCcXwe+BXNeC8XzXaSSuWJLMta1rDyUjecZ9abSzLAx9oQSfjQ9N1XJD6mYzIUkKPfkk+9W0CPqyclL7NlXsUO6xtz8s1fd27mR7pogfV2pLpmJ7OI+tMFU/kB4jPpmrsafvjgSTDAUQMgrA59u9PQdNuBJfvKjEaQSNu4FxXyAzx8TTRI1AIs80MqRPUr/bn609E0/fJ5IhRH3vQ+G2pWPoKN2JWl7etIjxA6UcqW4NxPzzx9BRNa7u3ckp+ySlMoHZtJ4PzHFL3jQLP0QzGXHZZtH6Z6vlJJRAcSCed6gn9TUlPSG/pdSiXJYYzySpef0BraoDiWTuDSnFJIOSOKfmX4yEeEILKSDyoJ5NPE8NblBdBLdabWLJ6TNBRS/fkbgeQ20Vf5Ue9NdHQtMTZchia8+p5jwiFt7ABkHI5Oe1XIS66Svwg3k+gGaksocQ6FIWr25qJkzh7S0ckaPHo6kQwIqWuUhas85xjNWIZBzuCufzqkhXGY2NiXFKGexGauYz77pSFKKQTyKrGsZyRz3g6J+NBYCwpaXCO+M4NFmnrVafEEpPiocTyCo+uKqISmUryrCjVuw8oghlWB64qQwshBsAhBcHu5bK/U+hpe0SycH5Zp9rwXDlyQr3+9VNHiF5fnGT35ohgQ22kAlJPxPaoOptkgBHa2hurCJbkysEeYenm5oy0pHg2t8SZryGgM7QpWMmhAbohS4nssZBFXlmU7IeQtaN3zob5LbQRo2kOBRvOv9wkgp01aG5K+xeklTaB8hjKvyFeM3HVCG/6Xp+JKKe4QtTf0zmlQ7ixGGHVFI4HA7U1qHqZovSNsdueoL9FhMsoKj4y9pOPQDuo/AAn4VFGkiiFYMjdKQ2MEk+S/Oyw2y33mW9cZoCg0rCEKPHHv71Z3W+oht/ZoQwgcD0x8qHbXc/3Xp8uuk+LIWVIBHOPeq77W9OcDziFFGck1UmGSSQh33QrHujyRBCuClOkukHPbNWEpO7YOeecCqSEpLygE/wBXzc+tXyXA4tGecJHYUCdmjYKPI3dS4cVxACiMD0qYtgYPmr5pYWkAE+nGcUp6U0yk+IdoqudK7km6L3UQxE/eSSR6inG0IaOMd/SoMi/xkKLbYPuDUF7UAI3BGNp9KVsczuQRWw+ivnG2nEFJBBPxqEnyFSNxBB4PvVWjUqSTlHf3px28MueZvv68UVkUzDZTu58grZm6ONq2cHnuaskTWinKyr5e9CkZxTrpd3g4NWrIH+0Urg+3FTBlTwb2huxQ7orFc5SEktNevdXrXkW+Mhe11JSc1XLmONBYABB7c1AXIDpI7GifzPIcNimjCaOaOGn2n0BTbwJx2zS8qB8jnI5+NAbgcLZS3IcQrHBScc1mF71lrKz3R6D++ZiUoUdoLhwRVvw/IlzSWbWFIx+DOy3aY3AfFdEKcWr76uaO9I3uz2i0ypV6nssNpbwApQTgY7kngVx2z1R1k0NqbgVK427kgmnXtVXq4ALu0t17jcST5c/KrZuNKwglTh2WnJqRwpajr3rhZEvrbs8FyXtWdjp8iSPf3oJa63THdzEy2ILChhSA5uCh7EEc0AXi4CfIKkp2jsKrwMDvyTU1uOxzfEFoYOAYLGBhbZ87WxafvvT67T0SZdphMzCfISwlOPl6Zosu0fp6mO2pAkuT15LiST4Y9sEKP5gVzwlSkY8x70S2W+vRyluUQUKI2k+lNfA/o40qri3Z1sMZmxt65hHFx0faL4fHtrq4ywMbSSdx9xk0K6hsMywsNxmXvGDoyteCAk+3zo8s8ltyKl1KsqXycVJMNySpTa4iXkK77hx+dMjyTGaKxLobO3NZbbISnGFR5JKsnOE0S6fhvNvBxuGfCaOMnjNHCtH2qEhuQ+82wn7ygpXf60P37qJo+xb4luxKdb8vkHGfn2ors1rtmbn0RMbhWRlOqMEq+NxdKUtD+GjHYfzr77UEKCgSfespl9WbgtwmLDbbTk8HuRVe51Lvjh+6gY7ZJqOWSuOzVdM7NZNb0tv+2NLALaualNOblbspGR61z+rqFficJW2kf3T/AJ0yrXuqF5CLotPyQn/Knfw8pGyIOzOSTuQF0oy9HRwp1P4mpbUqPgkSEDn3zXLStYanXjfd5B5/t4pJ1TqIqyL1NB+Dyh+QNcMOU9QjN7LSnm8fmuuod1gNqSkykEjvzRLbbnb0oI+1Nkn03CuIEao1ChX/AK6nZ+L6v86kta21YzjwtRXJOD6Sl/50x2BK/qiDskSd5B7Fd6w5sFO0mWjJ7eYVbNXWEODLbA/v1+fR6g6xIwvU10J9/tS8/XOaZc11q90+bU90I+MxzH60N3DpuQIT/wDSP/lHsv0bj3qzR2SuZOZS0OSVKwB8c0Iaj/aZ6W6QS6lu+JnPtZ/hQh4xJHpuHlB+ZrgWTerlPwqXOfeUOdzjhXz+NRS4VjC1Y/CnN4a8jxn2UmDsvjRm5Xl3w2XSHUH9sTWt83RdLFFmjqOEqQEuPbfcrIwD8AOPesMveqL3qKQqde7vLmyCSS4+6VrJ+ZqkSpPpXpUScKGM1NixI4qLRutDjY+PiN0wtA+vutJuUxD60hv7iOED4CrPT60LjEOcEK9R3oWhpEh3xN2T7UWWwBtCVDBJ74rMTw93FVrFSbNpWsdptLx8wGSO3arFottqKkLz8c1BZALnc4+FLkkoB8xqkkBJq1Dc+lbJlISQneO3fPNUV6uBcleEF5Sn0zUQTCh1QSo5HxqukOOreUo5OT6V0WP4rKayVpOyfd83OcJzwaZTlRP8Yqz24pCzuASoEfjnFR/M2og++BU1rEZso5WlLdW26UrPH61LQtxSNyPpnvUR1G5vfk5B9RS2nygYJGD3otCqRg4FW0WUloAk7VduKmfb8EK8Tg8DJqiL4wFDke9OtSASSojNCdHqTgLV0qUpwEZ4IryMShago5yagIezkYPPrmn4r+HACr5Z5qM6MBODbVokhXfsKDNeadVNb/eEVrC0DzZHce9GqUpPmJwD2GKTKQ08yttQ3bhjB7UmPkOxJhI1Fx5jjyh7VhjbjUM44U6O5xTEue85/wB4cY7Z7VM1bANsurjKU4QTlJxVMkAklR/616DA8Sxh46rZQvErA7zSwrcCcnvSkEg4pIx2FK59qPspLTSWRz3zU9paVw8lR3Nq9/Sq4qI45r5Lik574PemFl8kZxa4UiW2a/utkb8OO2y6AeCsZNWC+rt/fASlttCj6gACgJ1RJxzXm8Ng4OVfpQn4sUpt4VTLg4hdfdi1fai1VdrscSrg8sZ+7vISPw7UOLcJOc/WkrcUTknNI3EmixwMjFMFBcHNiboYKCcKuO9eBWPWkA7u/FeggfGjAJpfaXvBPrTqCnb65pkEZzz3pW/B4Jpdwntfe6eSQfxr4naTTJJHO7vSgvP3smmm0Zr0tSua+8Q+5FN7uOBST35PNN5Li8pwr3Hkmvkn3P1pAz6V6EgjBV9acKQ3PKcI4yFc5rwkkgZyc9q8KgogKVjHtSzwMp5PxpQUEyEJRVhRSRg/OkFwDIwc+4rzlCiVKGe9NOOlRIB4pRZXGXyR9BUlpwEeXKuMUbQkbUt7TkLAPAoPt7SH3EgKP49qN2sJZQAPugD2rH5/haA1YyYmqGysI7YwcEjPcU86ylaCAOabacIQEHIwO9S2QlScKIwTWdlJ6qG4OQ7IiFl1WwHzGoUjcwrao5BoqmxUE7sYHvQxdnUBW1LqFc/jRseUyGkLQAUyVoCSSe9IKStHiY/H1qL4pT95YwPhShMwQkgYNTxGei7lyUlHKff500NgJSodz6dqb+0hCvvd/jTb74Cs7sA9qXQ5PD6U4MoIHhqJ3d/am1K8M+UDg0hmUkjG7gV69IaUOCAfWu0uCkMmPJPsyEkfe+A4qwjDeNyVAkelDXjqKgEqySeOKt4rqoqMhRJIrnxGlKa8u5IojKJbSTz8KU4grVjGRmolieD4UCcY54q68LuUj8TVPP4H0Ux7tJpZd1UtISyzcAnkK2k/Cs33Z4z3rdOo0H7RpmSQkKKAFj8DWFY9c1sez8xmxq8jS1HBJu8x6PQpaVbcoI/60oLx2z3703njmvc5GM1oA0q6tPeOk4C0j8KWltpecObePXvUXB5AzivN/wDW3HArtJSF3mkSCptwoBzTJUccmnHDuOSTz602e9KAQojzZ5rwqHpmvOM18efXFfDHvTwgkrzk5+FKCRnmk9qUCcd66qTbX2QD3r5XbJ5rwn4mvsj09K7T5p1pSVYPelEj40jsMGvtw98fCucCU4OASyeK8KqRuB9fyr4LwMUmhcZE4CSeD3pWNvc0yXDjg5+FeeIT3GTT6pCMqd3bckYx+tJU5kkGmwojua97j3ri20x0oAX3jZ4FeFQJ+9SksPO4DbZJ+A71OjaavcvCmLY+rJ4Ow04C+SjvyGjclHcFYbcQhCMEqxzRjCcWlAKhk4HrVPE0lfZaxi1vp577aK2NLXlDQSqKsFI9qx2XE942BJ+Cyj8iMtvUPdJjvgubd2cipHi4XtKj8/SktabuwVgxlEipbenbsU4MYgnnv2qpdg5D+TD7FQ3ZMQ5uHuoNzlkQHNgJIHp60MRH7bIRhwbXec7hj86Nhpm7KBSuMVJI9TVRM0S8FFz7C4DnkCiQ4U0IIfG4etFMfPG7drh7oUlR1ML8ityD6A5qLIkbU79pBHHNX8yxrh+ZSHEjtgioT9tZdRtTuz+tHDtOzr9kRpLuSH3pRHnAJppdyUE8nNS5NtejBQUMj0z6Ch6VvRkEEKzVhCxkg2TuQ3CtY9yUonvmnk3ErG0Hn55obZkkElPOKsbdGnzZCRHjuLKiOEpzmpP8K07pglHJEUVCtofIzn3qeh5RyFc4qfA0rfXG04gOgH02mpy9F3xpsvORdqfiarphROymMlY3YkLzSrihIW3n60Xhsn1PvQTp1Pg3PwjgnODitAbb4PIArN8QIa+wulItU2p4pk2KY0AceCo4+QrnJxI8VafQE11FPYS7Deb7lSCOflXMlzYDE+Q0dw2OqSQTzwavuy0tiRhPktL2cdbXs+ajFCfjSOQnOfWlKO74etINbQFaQhJUs4xSCo9iacPxFT7dp283nP7ttrz+O5SMAfieKUWo8hawW40FVEEn14r4DjgnijNjpVq95O5UVlv1wtzn8s1650r1U0CoIZXg+i+9cHear35uIDXeD3QUcHjFJwntmiKZoTVUQ/xLU4r4oIP6Gq93T98a+/a5Ix3BaNOBXNyYX/dcD8wq4gD4Un8amKtl22+aBJA+LaqQbdcUnKoL5z/7s04LjM0dQo5OB34pG/J71JMCeRxDeGP9w18LNdFDKYMgg858M80u6YZ2+ajFeMnNeFzFWTWl7+8P4dqkKH9w1YxOnWqJpG2EGwexcUBTmttCflxMFucB80NlzB9a+CiTwB3rQYnSC4LAM64NN88hsFR+pxRJaulNjiqS5J8WQR/aOB9K4ilXS8bxWfjv4LIY8WRKXtYZWo+wGaIbf071NPwUwVMpJ+85wK26FZbTbGdsSCw0kckhsD8aS3qOxrkfY0XFhTijtASQcn59qaBuqfI7Saf7TfdZ5bujXnCrncSRjO1tP8zRRb+mWnIfnXG8bHq4c0YBCQAkfPApxLRPpgfOihqocnjmZNsX0PRU8XT9nijEa3MIx3w2MmrRiC0jzIbCeO230qY0xyTzzUpuOf6pxipLYy4qomzJHffcSiltLTbmQlPJ54px8pTwrAK/hSvDQF7iaYWPHdUQSQn41aiIDkFRl/qm2UKLbqzzlVKb55754qQ2g+GG84B7U0UhtZTnBpwjKaZbXwPumm3U78JSMn9KdKVdzn6V74CVqCgcK9SR6U4x2m95uqx+3sOAiRHQtJHqBVJO0laZS96WfCV24/yowfaBAHc9sVCVGJKgDkk8GoGVgxTCpGgqfj5T4/uuQHL6bNziUpuCkj2wKht9ELa+5umXBxQPokYrRktFB4Uc+vFS2UhQ83vVazg2LGbDVYji2RVakI2rpBo214Wm3+KoY5cO7P1ori2a125tKYkBpvPYJSBirBLflGDn50ot5Vk1Niw4I/ut91FdkyvPicV4y2gJJCAM/Cq3VOU2txXCfKcYq6abHYA8+9VWr2k/upzcO6CKr+PMYzh8hrp+qLiPLp2gnqsIs05v99pSOylnGeK1NpolsHBOQO1ZQzA8G7NvJz/tAefbNbRb2Q9BbXgZKRXknFyxulzeq2uSSyrVW+j+GpO0855rnDXkMwtTTWwkgKcKxx6GumpbC2c+VWP1rDesVqW3cG7khB2ueVRxR+zGQGZZYfxBXHZ3IDcgs8ws1Jx2zSTnNe9sjNKyMEHJxyDXo43W4O6l2O3/ALzu0aCtWA84lJ+tdGWy1RbRDbiQ2Q222AMBPf4mudbHKVDvEWQnkodQR9a6kjsB1ltwE+dIIpzml3JYvtVK+Pu2/hNqBhQBOCSfWm1t+vbNWqoZ7DnFIML1xz6imlsg6rEmRpVM4xnOEH41Fch5wfDHNX32M8n19KQ5EJxg4NIe8A3XB7Qdih9UJKU8tgjNNqjNp8nhjHftVy9FUgFSsYHNV7zxLLio/hrWASE7u5+PtTWyuCedxsUwmO2FZCRn4CmXIi1P7ihO3Oe1Udp1lJmXVFrkRUIdUtSFBJ5BHfv6cUX7Cec1KD9NWFHLiORUUIHcJ717scUcD07cUiZc7ZblbJk1phRGcLUBmnocqPLaEhl9DrajwpByDUprgVFc/ek2681HTvkPIbSDypSsCvLRc7VdHXG7fPZkFo+bwlhQH4io2rLJDu1sUmTGU/4ALqWkqI3KAOO1BHSjUhVdHtPOWliKtKSpLqE+ZeD2UfkfypxaXNtvRD7wNNFajJiokMOR1gbVgpUD6isqgacu8HVwt8W3qejxH0vBx0AANqPHPqQP0raG2ABkDJNC+vY91i20XGzPOofjK3FttOQ5nAwr4DOfwpIt/CRzQ5nCtVq9jtggZxux2qW1HHKcZzQJ0se1A89KN5alufaT4iXl/cGDgge3rWoNxk54HzOalshoqG6elCZjqTwofKpSWAOTzn41KbYSnKsEZr3wkA4BP171YRw7WVDfOCVgemdf6qevzkaVeX3UCc81sUeyQAQPpX1419rC036TCRen0souEiMckHuCpvuD6Yofsn9H1XNSrBKbiTn3K2iQfrSuoLjP+kl3kR0qLaXoMsD1BUhKVfrR9PhFKFJL4iKWtw9ZXt7R0e6iSfHS9scVwcg880P6L6iaivOqb7aLjclO+AXXYqdiRsSlYGOBzwR3z2r7RqUT9CXJPZUdwLAI78/5ChHReLN1zisOH+BeIa0gHtlTav8AmbP1p72eMNQmSjegtHk9QL2iY62y9lvdhIKAPQVa671petP6Vh3uA6gOOQlunckEFwNbh+eaFb5GTHeCjjlxbaiB/WScf5Vd6nhpu/TOInO8tKUwr4AhSQPptpzWnSQeaQSgkGvdN6S6j6gumkLFdZ7jK5dzkuB5QSEgNILmTjtnyD60x0x6w3LXcy6rl2tiNBt6C4HUlWSMnAOfXAJ/ChDR77q+k0BTQIegqnMYIA8xClAfDvTfTK2uQOjU6bEyZOoJ32FJHcbiGx+Slmo7mu2PpamRvbRWgT+uOlIhtzD7M37Rc072WkNgnaVbUk8+pzj5VcXjqZp/S7cp66LeSmE2248AjJG9WEj4kk1hWk7WdW9bfCbT4kTT6Nic9trA2gH/APcOaidX7sqRbT5jm93JxaMerDGEJz+JBqOdRUlhaAukdPdU9P6kZjyLcHyiS246krRjCUdyeeOan6Y1pH1P47kWKtttpDa8rPJKs8f4fzrIdFQv3La5yAD/AKosrcfv2edBWfxyB9aOOmccQ7DdZhJx4gGfghsfzKqUNoJxktX2h9X3DU99kRHEJQyw0pflHc+JtH5Zon1mz/qxflOdhoN6IQUidNc7qESOpQ/vlaq0HWrH+rVenlqh7TEt4RI4en1CkYbgMpg9VgD8YplBwA8HitZ0yvx7a0T3247UCyIiM7+5z7cUc6KIVC2qB49K8V4m8PgBHRbfJk1sHordyI24goKAR8qzrq/phiRpSVISgbmcOA1qqmgpI45qq1VaRdNPzYKtu51lQBV2zjiqzhcz2ZkbmnqPqouJkHGyGSDoQuJVNKBPPzpJSr0os1XoO76WLUiauG8xJKvDcjSkOjIPIVtOUn4EChvaBxk49q96OLLDQlbS9fifHOwPjNgphkFLyVH0UK7B01H+2WG3ytvLsVpz6oBrkVtJLqAfVQ/Wu0dARN+irMsngwmfpsGPyqbhQiQlqwnbw9zjxP8AU/RMqgDBBTx8KZVAyefT0xRKuEkHy/WmvsaSMBY71PdiDyXlv8WfNDn2EjOcDPuKbVBIOEpolVDzwUA00uACckH5UF2HfRPblnzQy/bQ4hSSknj17ViEa3MWjqKuI+3uDkxQS8ArjdylI9PUCukVQUkEFJ+VZNr2w6M0/eUS7gqew7NIcIjpCgog89/u59cUI4unatkT+LvkUG65gtWjVLN1gKBOQV7M5SRjIVj3/wA60a1vRrpAbnRTuQocEpI/XmhvV1nbiWF/U0N3YwoJLQeZU4SpRAHlHvnue1TenDq73opxDb7iZDSnGVK/rBffPH94cVHOK543FIwyg0bFN65s6pVkkLbQnc2krPlz5R3xUHprJhptCLf5UvMqVlKlZWoE5zjuO+Pwod0jqq+PanVa71OdXGCi2C8ckq7Af/c1JQuNorWS25BQlt9Q8IKBKvDUeVFWPQilED42obp2uO601UZt1JJHJ47VjmotKXLT+tjcrGw684cykJKgUo9+OBj4c0Za31XfbAzHnW5MYxpAGC62onJ59xUm7zLpL0d++bbMbZm+Al1bqWwSABlQAOcH05osBdyPVBlcHNFFEemlzpNrjybhlLy20qUnHYkeo9DVs+0C0oKBAIyCO9Z30hvkm7plIuk112TuBb8ZR3LRjuB2xn2qSepGpRrBOlDYI+VSgz5VLU54ZXgLIxgcEGpMWMbJCjSTgbKqsN21K71CctL06S5EjulCWvEbwsYyCogDnBB2j2wfWtKuutNI6dlpt14vUeLKUkENuEjIPanYukbJbLy9qOaUeMpW5sqUUpaJTtJxnBJyfSs56tS5Z13brZGj2t9hTIfdE5SG0oBJSDvJB9D2z2qyENAnooBm1Opa7uKiDgqSocYGKA5s25Pa8NqZvrzbgU0tqL/3RbwCvPHfAJ9+a06FFSqG0sqScoGSOx+VZxd7dKPVCPKYZdbZaSgLdSlO37quCT79vlRKth0oIe5x3WJON/ZNY3Fe7GX7fKx/u8IUac6kRlx7wpSOEzLK0pfp5m3lc/4R9a+1Q2YupS62MiVaCMHvvadKs/T+dWPUOOLgmwSwD/Sos2KT/wCFK0j8z9KIxngryKjvfvqRb0lQJ9qvFvyT4zC1J9cjH/8AoUB60fVZNWaS1O1lKI04NOq7HbuQcfQuUY9ApqFXZlkqJ+0w0g57ZxnH+A0M9breqPbZbCQQqBPC0cem5SQfosUd7fC16jRTW+itK1ZDUhc5JSP4UpLgPwcQOf8AiBqVpoC5aRvFrJypkeOhKh64z+qB9aauUn942dm4ZIE2yRphP9pQUkn8lE0jp1L8PUBjKIUiU0togj1Hm5/4cfjRe78WyaZKduUC6GKhF1Rp5xG5MO4JmISOMIdGP0AqZ0wOenYtBUQqz6kKHM9gAeD9TXtuirs3VS4Wk5CbpAfjhOPvONKyD/wj86Rog+DetcWQ8B0Rro18cYKz9SKDpsgfFSjLpBI9ConQVATceoN7WD40ZDh+KVbnFH80j6UK62t6LhrzSmmC2S0zFj+In4rUVLJ/AA0Z9J2G2L91Ls6VYU8wqUke4PiH/wCYKoFNPL64wS9ue8SCh1GRgjEYgAf8NRnwUwV5/qpDMkazZ5D9EekJTo2fIBwq+3gtoV6qabIH0w0r60eaYtzsXpVKmqTtU9Fkyc4753FJ+gTQ9MtG3SmkmmmsgxZT2cd3A2Tkj4lRrVo9sb/7IQhAISbEO3H/AHFKMZznbjkkOYxvI8yh/oowhE65gAnEO3YyfdtZ/n+VHGukH93eUZO0+tC/RmO2Jszw1crt1uWR821f9aNtbxiq2EAEEA1ne2EOngs2n0+oUrAyCctixdbBOSWz8aItFnDq2VKIBPaogjpAA796tdKsNpuYSrkKNeAvuVhaFuXSHQUWpaBHAyKRKjF5hSEpzkHirEtIQdoHrTo8Npsgo3H3qvZG6J+6gGe9wuJtZRZUTUM63KSshDyxg545ockQHWEBxaQATgA960TrMHIOvpqj5UrV4gxx97n+dBU51SmUKW4he9JIAOSkfGvoThuS7JxY3k3sPovZuHyB2LG9vUD6KlQcOpz/AGhmu1tGmRE6bWuQ2B4iLW2tO4cZ8PIz8O1caRwjxk7mgslQGDXbmnowX04hNtpc81qSAEfeOW/T41oOGRAucVhPtInLcSIf9j9FlHSDqhrLX96ukS/Nw2I0ZoqZ8CMtBWd2MkqURgD9aqOjcq6X/qde3Tc5T0KCXAll195aR5yncAs47g9//sQfs8sNxE3a1uN3ouYQrdNypCAnI2g4GDk8j1/Co3SJE5nqPfIsaHNeCvEMuS+/hA/i5SQMcn0AHYZqzOMaFryAZQt1BbYphITkjt3qO2Y61ENuoWfYHJrIer/WyfpC8TtJMWhp7dHA8ZTqhjej2A9M+9Zp+zXLuczW81UiU8ttqKspCl5BJUB2+VRMyfHwsObLdv3YsgKbJiZUIifI2mycja6t+yA5OPyrM+rcfR7Tlta1TNnRvtSloaVGSkggYzuJScDkVq1sZW40pS8kg+9CfU+TFtcOLLe09b7qsLISJnZBx3HkV+gqFwvMj4vityo20HeaDKTA/Q4oX1BCts3pa+7ZFvKhtwv6NhBUtYbIAHPPO3BPsSaHOiEVT8G7tPMzkK8Rtxwvow2FEKzsP4c/DFaFYr3e5+g5N+XaIMRxph1cRpp0qZUEA7cnAIGRjHH4VUdJdSap1Q/c2dQO21aGAhTKoicKOSd2RuPHA5+NWn8JyKhuzdNgn81k1xsy06kmW62IgxbTGnkFMp9lhxxQXlW0kFe0nOCe4q36t6MudxuECfaIUlwuMFDr8dlbpUAcoSAkHHdRzx3FXOtdFvyr7eJd1uFqjBTpkNyHH2krCEpAbZCSCUj+spR5PYVJ6lXHVGnodmutt1HIU1NYCTEYaa3OKCQfETuSTt559sinNwWusUkdnUQQoGq9IOo6WhUlChKisNObpS9y2zkZ5/tYJT86jdG7DbrhYrjFeKnloe8J4LWFAgjtgEjHJH1o7nQJ956XJDy27jMkQ0KcITlLi+Ccfdzj07DI9KoukcVyC5dI7nhsAeGgRwwltWQDySlat3FOdw2MEakP+ZSFpaOaCul1ggt6+kuTEBchlt9cfapJQ2jft8uCVdjjkV9YZrV26vm4MRFtNOSloIdAD6lpRgeXJOwYz+FEGkLfKga+eStIgtq8dRSYyB4gKhhIXvJAztPbnGOM005LLXV7xGkSHj46GHFtggJ3JHkOSBt5yTyaecdjWkN800ZRkNvUrXlmmXPUjslFhbkNW1ppYLqXlqfUSSA2EnaMHjtnOaC+vEWM3qe0zJMIuOuxkocaRICVgBSjyME45I+Oa3ydcIcaayqRdosVtA/itOLSFLJ+7yTx2J+OKyfq5Eudy1lHRZEOgxremU4pL60+MnxFAIQEAkq/H1rnRto0EjJ9wLWv21KhbI/8ItbmkEtn+qcdvw7Vn2qNYTLFqBTEizQhF3I/irkHxV54CgkJwPUDJ5xWl2ZtarVELrSmlllsqQo5Ug7RlJ+I7VnfURm2puyZyV2l2RGb2qalPbFgnkYGcK78ZB+FDawNGyIHaT4lhWrsrv1q8M8mNOSo49PCA59qm6ieUNKaXmqIUtm6tpIJ7pLIyPqKZ1zHLGp4SEnaG0z2hkeoQBj9ak6xaSjpdYXQCFi+RVoUO4zHUcZ9v509oAY7/OqDr1EAH/N0vo7JTbdRQkkhKWJCmPkEuYI/4Vmr39oG3bU3xsD/AGkduTn+7tP6oIoP0opcXUc6ODjwr5JbyByAUKI/xJFad13jCVFdkIHlmWhYBHPos/8AMKLpqEC+SikgTWUxpp5E3pxp+Wc7f3C42vHrsCR/ymndNERtSWxSFZ3SUoJHqFKKefwVUHpYtyX0u02kYJDU+Pk+25zA/wANTIBLFwgvgnKZDSzgcjC0miNNkEJzuZBVX1VQLF1Rst5+6hM9pKzzwh5GxZ/wmo0JswOr7MYja3d7dKgnPZRSSv8ATFXP7UcJbMOPNaSfFQwlwEe7byefwCzVLquWzG1TpPVKOG1y4ziiB2afRhR+gP1ptBrjfQpWPtoF9CEnQCUx+tc6C7lLd6sihsPrtAH/AMpVD1zUqL1l0lIwf41tbYVn1UPGb/yojmpFh636XnA7Q9KkW9avZKs7f/in6VU9S2Bb+o+kpiAAEXJ6GSB3SHk4/wDiGmObp904S6iNtyP3WwGQ1G0bpiSVeWQ7Ka3LPCRtdwP8IrT9O/0vpJFc+94tn28Dg/wiP1FZxFgx7jobTTa28qj3Z9JB9TueH6Y+tahoWIpPSqFHX5lIt62yPTI3D+VSjfIqKJBZQl0S81zcA4C7NAXz7+cfTvWmaqZ/oJHHIPJFZx0RSBeW05OV2CMcDtw4oVqWrmT+7gOeayfa4Vwaax0/UK1wn3kMNrIn4gLqhnjPpSrYPsk9BRkZ7k1atxAoEpPPaor0UtSULI4zxXzkZXFxK37ZARpKMG8lG5R7jvXpQSD5qcggORkK2kjAzTvg8kgd/eq87uslRLo0Fy7+0Ram2tYx5ju8NvsI3KSnJ4JHHxwO1ZbMjNbz9lKth+7uHOPjXQH7StpK41um4xypOe+cc/zNYkmAospUnj4+9e4dk3mbh0dcwK9l6x2fye84bGb5bKnRGdStOT69wM13PpKK0rQNuS4paWzb2wSk4UB4YzgjtXGDEVwOJytJGa7a0S0hXT+0peKghNvaz68BFeg8LbT3WFivtKmLsWHf8R+izvo5E0JAeucDRcK8gOlLkhybgpG3ISBzx94+mT+FJ6XsdO1a3vrGkzc3Lkypz7SZCcNYLnmKTgFWVDuecfjVv0hb0sJzqdO6Zu8L98oU+JExaFl1LaiPupUduCo9wO9EWhdK2WzaxuEpWrRMflrW2IaEkNoWVbu+SCRyMD3q8EZNErxaTIAcRa526/aVuFy6iSVRIpcKmGeycn7uP5VK/Zm0Dc2NaTlvNFofZVDzEf2k54/+u9bd1KtkNrUD7nhjcUJyffiqzoikHV0wtp8qWF5P/iGPzql4hhRv4fltfuCN1q+McTecbAY3oK/Ja1A04mO2QpeSeeBQJ1dtx+xRIrFxmxvEUvKYylBTpCeBkEE8nhPqT8K19psLSTnOPzoL6g2Rdz+yoalQ2FJWSkyH3G8nGPLsIycfrUfsvCyLh8bGjYfus7nzudKSSqfTNvgRtAMB5Mnw0RF7yE7XPXdjnv3xz8c1S6Hc0k7Olq0/Z7p4i0JD8qV5htGSATuOOSeKuNQ25zTugHITLb95VIBRIcDquyu6hwrCRgDHt39arul32lLc5t7e42dikO7ChBGD5QClOce/xrS0FVOefNZl1LlrTf5rNvtFoktqSoyHXLK4pxs8AJLpIBJ9x2q+6q6RculosrMJEtpURna4uKwp0EbUgoO1QUEnHpntVBqWO/eOod1g26HClxG5baJMu4ksNsuqAJQk7/NhOOyTyaKuruqrtpmHBTCu7cUqSs4HgJ8TATgDxTk/+H3pgre0dx5aVX3KzTNR9LnLDZwyH1x0RhltTbSSkp3DGCQMAjsaq+mGkHtMQZTd0kWtyWogIRCH+zbAHBJAOSeTx6CiLUFzdd6VIn3YvrVJgsLkIbThbxWE5R3TjJODyOM1RdP4emL1OVfbBbmrV9ijmLJix0oCHXlAEqUpBIVgdhkkZ5puguFgpokLQbCCemNvbOv56ZX2R1alyJCSGcryV992OODwKPV9OdJOazVdn25jtydP2zIeUlpCkkJScDAz29/Wg3QsiTbuql2greekBx1/chqPhLRU5uBJONqQMDuecCi+dqDVbmrXoMB+I02zJZabhqj7nXm1Y3OFwq4Hc8DgD3oTW2SOiOX7goc13ZpDmumG29KXO7QXW0Gb4ST4e8eVBCu2Up+PrUjXWh7Zq3V1uK9YfuX93sBBZYVtkOgnIG4qAx+B9aINUal1EvU40nYZMBt5xCU7nI7qlJWRn72Qjtz64r3qC/KhLiwhpm13lRSnemQ8kOA4JztIPHHf40j4ha5kxNUiSfqOx6a8K3Tpqt7cYOqU5kkoHlyTjlRIPz5oQ1hqS0xZsCc1pxu4GVFMhp3wAtf9XHoSBg5J+VedQhCkrt8RMO1of+zpKw9BdkqYRkYwEeUAeb7xpjqREK5sBq3sOF0xNjbyQvbtJ+6hKUKyT8SAABQ3RhuwTmP81k/V+AYWsANuAJq8HH/5rRV/9fKqvVw/9GunwFf+3YiDj4MKFHf7Q1sUxdUTUAjcGX8/EEoJ+lAOpCVdNrQhQKtl/jlZ+HhrGfypWgBjmn0+qVrhqa4nZQrGN2pLq+lX3NSJbJIwVZDgz+NbH1UjfaNPWJ3lXiwVIJx/uI/zrHrCouagvxPAGoopJ/vKc/Wt21w3u0PpxzafKgI59BsGPyTT2/2bCBM+nhv+ckAdCiH+l9sKsnwrnJbHwJQeP8WfxqwQDsQ6k+ZCRwPfCT/KqzoIpI0bc7Yr/wBnahxtB9wlOB9DV6pgJQuOn+qXGwO3ISr/AMtOaC4A+i5zwXEBXn7SlvTL06FJT5vsM3b+CAof/wBaybUCjcOj2n7ugKLzdubAPxjPBOfoM1vXWKMmVpm1vBJWmQlxsg+viR14z+PNYbo1kXroPFbVkqaenRfiNwUsfypXinFvomscWxh18inur8ksrsmsYgCTHmwLnn/dUnBH/EE1718Z+yT4F3QraiLeGX0n2C0bt3yyiouqEqvvRC1TUqUparVjeR/+mdH8hip3VxxV76aW28Neb7VaoMjI58yVJCvoFGhvbTXfAFFicQ5t+ZC1m2vFjSTJbUQmNqJPpnalQH/nrYOnzHj9O2AE52ofSR74Wv8AlWGaelGf0+lTUrOS7brh7/f2ZP5Gtw6Nv+PoVCFEKLUiUhXP/vVH9DRmb1ajOJaCfVCHRRhxvUMZDqcK/cKU4/uyD/nWsauYKrcAB60D9NYC2tURH0jKFWl1vt6iR/ln61pOqY6123IST+FZjtcy+Dzj0/ZTuHy/7lvxWVeF4YJ2EYP1qJIaUs71J4B4FXy4ywAS2rGa9VbHZCCGmSoZycDtXzMY5e88PsvQmSADdTLS1uht5HOKmeAT6fWn7JF8Jjw3gRjsPU1LVHCVEhPGfWpTcUnc7KLJJRWQ9e7SZWkfGQnctl0KHwrBbfYJ05ASxGUvAAJ+NdTdVoyH9HT8pypCN4+YrFdGaoslrKRebkxGZb5JXn0+A5Neu9hmsOGWE8iVtuzuY9uC4MFkFZ7N03crc6Evw3WyVcEoI/Ou0entoeldP7RuyjNvaBOOytnNY/ZNUWnXc96NaLUVwYuCt99sDeT2wOcZ574PwFdJaaQy3pGK0lsBKY4SlAT8MYr07h8bdRLTay/bvNllxWMkbRB/RZz0ms/7okTobL7slGMb1OoKUDOeAFHufbjinNLbE6uegy2m1NsPuuR0NtLJS4TwQcYAAzyfWp/TaUpd1u6fCS0yCEtq24LhBVkDIBIA+lI0Uy0nXNxZDTniEOq3qc3Z84znygk/Wrgcl5DZcbJQl1OYfkamkNtAgbEA/A7atulPTW76enrvM15kszGQpKUklXmwRnjArW16ctUt5Tz8NDizyVHOT+dTPsyI7fhtIGEjgAdh7VBnxjNFJCTs/mr3K4lFkxQMDaMfXzUJmMlCDjNZh1kjQ0twZkvxP4S1pSEtOKyVAf2AcdvXFae4+trO4HHtWXdXo+npa7dJvuoXrYtBdRHDUZL6nMhO4hCkL7ADzAcZ781HxMRnD4hEw2AoUj3TmyvUw5N76dptbUZMZcmH4YaDhASD6FRyefke9VnTfTNw06u4R7lFLalhoId+2eOlYG7IAKE7cfLnNOQIUS0dPXzbtUPyoaIzjjU2U4G/DQMn7zaEkAc+m7uKEujzrt1vd3nOahlXD7O222kfbZDjR3budj3IPl7j3qcHakDTQJpRdR2Dpuu9XG33fVAcW5KWtUdCUERXnCFLJWEkhwjAyo5A4GM1A612d1yXZrpHugiMQmnEoIU1jzbfMCtxPoO/P4VU60nqga0e0sjU9qjWqdMcXJiKvAb27juV4gDO9JUfQL5zjPrRP1hhkxrMoPYYaQsJjtBxPiKwnbhSElWAAcDIphdzRgNwnrqH5XSrbED0suwEBJcVhSgQMqUR8Mq479hQv0bsjkGDcn470mQWQEx0LdW20VHJVhsk7ecDcR70WI1Dbbr0pk3ZAcS1HiLQ94yBncgeb/aDn5kHPtQ10OlQzKu8YvJD8oNvJYCU5S2kEbjsQlA5VxSt6WmvsNNKv6aW9Z1nNel2xqK6PF3oQ7uLSirnerw07lKPbk+tKVCmRusZMBhtbRUSt1YI85b8w3hHmIT2TuwOO2KldPoYvGvpkl5K2nI78l5aUsJSlSfEwnJ5OeQffirEttR+r/iML3KCVJcAKFYHh+w5TyRkmkcBpIQxJuLVqjT7U7VK7rNcntOl1KG/s+EIwEjlR255+fwoI6qWuPetfMy5FplT49jaZU4luQGBlahgZCStZOAO49fjV3qe+Xv/AExcgR9VR4LDDzK/AStPirBAHh7COxJznOe3avtbXBL98eiMTrsjAaS8WENhhBOMBSj5lEgjgUhIILSlDtDg9e6x1JYbRqiHEm6ScuDzjaPMHCBgqOBs53Acnn3xV5qq83pi9wmLRItsaKy34skSV4KwVY2gAEjABwfj8KjdQg21doglXC+xmEJTtbispDDqgchKnCknPwyK81ZY9X327sxoUaMm3paSVOOhHmVk5BJyr24Ax9aaW0fkka/ULQ5+0LaVSLSxKbbOQh1GQPgCPzBrEbglUrpPdihJU7DkxZTfyDm0n/HXTnVyPFkaNlrdBUppTakAHnJUEn8lGuctOp+16S1LbCFKJtj69v8AvoSSMfimm2AXAHmEcgaRq6EKpsi0I1Pem053OXS3PAnjdlRz9N1b/q5Ic6c2FWCoJWkZ9j4a6wLTkR96fLupUClP7vUon0JWlI/Ouh9UtBXTaxeYH+KnP/AuujAEJQpDTwP85LHuh7oTJ6gWxIP8G6oeHHb+K5z/AIfyorH/AKxltqO5QkqRtA5AUFjNC3RbYNf9SIKRnLIfGe4KVnn/ABUYzW0tX54oON7iXD6dwD/Ons3a0ldJZcfl9AtF1ewJWgNOynFbsOw1FXc4LZH88fjWEdGo27pjeIKj/wDgdRKb2jngoQkit+1Mkf8AZZZlAnCVW8pxx/WQB+tYT0cTusnUSI0MCNfW3OT2/jH/AMtPP90b+aY19QuHqPqoOhYa7p0cNoeTvVCuM22HHcb2yfplWKXaUK1H0AtgCdzjEW4QeOeRuUk/htFTemzoZtmuraEkJg6jLoGPu7ndv/KKb6ZR/F0JqSy8hNq1K6gD2QrCMY9B3pgF1fkUR/h1EeYKvukkwXLpdJTk+ezoUCfUx3CnP6VvvRJ9K9OXBkJ8guL+B7BQSr/mrnP9nvcrTk2zrXy2LhACPUcBf61vXQiUXLfc2ikgJeaewTz52h/5abGbAISZHNwCJOlagq/Q0EkkRZaCPlIrapkBD8TBbBPpkcVhHSl5SNZtskkqSbik/wD8w5+n610KRmPnnmoPGGh+FI13Kk2AlsjUJvaTakDKUoLmckY4qzZsSGYgaUy0FY/qIx9atobGDuUckn8qm+CtTZAA5NeXtw4I3l7G7rTtndpq0AptDiXXUJj7lBX41FlWWSAVlhQHfBFaDDjBEhzIypXbI7VIcgNZy42FE/jVdlcJjndq5JxyS1YbrTTdxu2nbhChxVqcdZUlA7DOOOa5x01+zzdpcsvanlCO0FE+G05uUfhnGBXe90goVbn0Nt8lB4HFY3JYQ04tKvLtJ71puzHDIsRrr33Wn4Bx2fGjkji2uvigi1aZtmmIgt1oipZaCsnCiok+5J5JrbdLpH+icZSyceCfXHvWZS2wPOBkk8Cta0UhtemIqVtpJwQRgEdzXonDzTiPRVPamV0+MHvNnUs16X2yMq8zpMNiOVJQdzi0rK0pKuEgngZPf14pOkoq/wDT+WQ9KdaD7pKULaQlXm/rgKKike2O+M1tLUSO23saaSkE8hKR9arIGj9P224O3GDbWmpDudzgySrJyeST3NW3wXnemk+hjz+IkHbj1r51h1WSkZUT7d6s0s+x47YxSvDwo0wxk7pWupUS7S6+CXFbaynqxp6x3N2LGud0VCeiqKmymO6tbm7HlSUKHsM81u3hA5G3n3x3rPtfXuVZnQiVYIkmA4k7n3nDgEehSEqPtjihFgG6L3p6ISi6bhWjpo+wzEaaCmHHVeJlQ9Tkgk+nOM96G+mdiEKXdZm5pBlhpamAwW1Ixu9wMjkc+uc0cT7jPu2hX2bJAjwpj8VaWGnU4Q2o5CSUkD4HBA7jNCXTmz6ttcic5qWUp0PNtpb8ZxtbylJzk5bSlITjsOT8q4kABNbqJ2KCL7rK5jUF4tVn0hAkzYEklYXHWopYA4cUpKfM4skbEA5xkmmutumrverZpyS1HXFkp3qWVu7Go+5tJUFHarzcEAcdjzUTV7Rf1/dr2u43C0QorzcZtNoSftE1aU7nnFEqwAkYSVFJHHBop6sBq9aUs7yHkC2vAOKdfWlLqkqbynbvUkZPqefWm6Wu5ox1R0VXvKhRuiry2WlLSzbFYS4reVL5xk8d1YPp3qh6BwpptM+W9OceUrYp9xxo5WvBO3xFKJIRz245oztFjtFg6RPJhRw6wiK8/t37g4s5PJSfU+xqv6SWCLd9P3eM+Xi3LShDraUrQ22CFApSVqUSfc59uK7YVabqOkhBuioN4f6jzVsuuF1Ul16U744Ujwgr7oAOMHgBI7fhXzjCpPVmQgsPSG2JPiKUh0oypKQQCN2ClPsBnj50ZdOLLHtuq5tvitL8FlhSWSoLThO8f2kIzn35owb0LYLdc5F7i25InPlRU8VqJJPfucD8BThzIQg7TugSZc0Tr6wmdoFxcdMhKWZ8gshQcHZSUE78fQ+tBmsYV0R1JgXBDK2IK5LDXivMtBC1ZGQnJKlnHrgHjjtRw5pCdO1W3d7hYYKXmngtMtye44eOBsawAk49/wA6nXHpbDvGoo2on4zbcmO+h0PpcWV4SOAB2HIH4UhBFhPYWki9gqPVfUG6xtYxdMQ1xWQtbQAW1uK9x7lZWNvwGCeKhavaD2tChV2kteEGUpZazlz1OMHAHPfHeo2prI+/1IS+mE2pmK6ypzxnCAe2FZBHPsOe3aiLUUYxr27JelTUNOLaOERCQvAAAC84H09a69yEt6QAFX65jSJCHJDDzqm3YiFuNbsoUd4wceh+VCMPRtotUS8y37SrxER0ISYa1K8YvgggoXgbhkE4IGDWl9PrnatU6Yt89lbbqhHQ08nuULAAUk/iDVhqHT8pVqmm1RkvyHFodbayEZ24GMnjtmoDH6mh46hT5maXljuhXP7HTZ+3uK0vbLuw/IuP2N5oOfw1rbbc3q78E4B4BPb0rWr1YZy9B2u1Ro65MmE6pLyWhv24Cwc4+Y+tW1psK06gtDl4hJ3QYC9pUAQ28r7xB+QxTGnGtNROpt6u9vlQpK7nb0uLTDWlRZLJAc8QJJ5VlPJ9sVIj5ab2Kiy26nDmsM6QWyfD6x9QG5cR5oLhOf7RBAUd6O3yyRRVfGw3eEuYIw0yD8SG05/MGjixauvUvQeoL7doyYt4bZcuCW5JC2ER1hRawEnO0JScjhRIOe9DglM6isFh1G5FZC5ri23ltNltLuxQSCEnJTwDwaRgLAG/P3KR7iXWR6fkjG/KU50gtb3faqGOT2w6kCsQ6KsgsdVmlA4Tct4+JDz3et3YuNtvUw9HHbJdob0doTESFBpbSmEObgslKiUgqGMEfCgvR2gdLaZ1drTSkLV7sifqSSQlDkBxDMZ473PD8XlC1AOdsg8CjkEvB6f+kJjtLHN8/wB1n/T1AOperNuCezzUvnuSFuKP60jp0j7Pf+qFmCSQl+PPA7clRXn/ABCj23dOF6R6hazZnalspkaqh5gw/tYEkqwQNzascHzYxnt86gaZ6c6osvUrVlwuEFX7uvFlQyh5Cgrc6G20kYBz3SruKY38Irqf1RHvDg4A9B+iEOhxMTWuoreM7WL44pJ/3XQsY/Ktv6GuGLc7xbTnchtsHJ9UKWkn8xXPmkUai0p1PvlrtttLs2XcIz7P2lSkIAAKxuOCed2PnW9dI3JK7+5IeSW5MmNKU+2OdqxJ5H50CI3QHmUaZhaNV7EIi6bueB1LU0tZATPubYz652q/l+ddHuOf0MEVzFox15nq74DySP8AWsgnd3/iR8gY9v8ArXS0hZTBCgcA/CoXGHVgSnyCDEAJGqVCUpYBPOauG2lJb3nHwxQvDnLbKAhBXk4O30q8W6+cEKwkD2rzKKQyCytEQAvEnbKO7nNSFKyRjIquCwZqVOZ5NTZJykKSrj2zSSSEGkj2ikuYEGG4lSuVJIrDrw819peZCgVpWQOM1r8x6QtpQRu4GPQVgGoH1Iukhp3f4iXFbgFE+tXvA8jxOaVbcEj1PcE7l0jDi8nditk0Ig/6Oxkjtg8n15NYK1IfLoCG1gbucn+VdAdPkKVpmKXMlR3E/U1u+Gv1SFd2nYI8NvxV54ZSOSfwr5GDwUqzn2qYtsJT5iQfYmvA3nlJzV5pK87c+k1tTnt2pSWgec+tL2c8j8aUBhRIzj3pxCZrSVIAzk1lnW7wzb4LJbbfLjytjBaW4pwhPolCVHAHfgfOtVUtvBJUB8+Ky/q1Zrzf0wYlgkCO94yiXggbkjacYUUq2jPfsT71Gk2FokfjNIQ09p2xydCD+mCEgqckOyYSjGLagTkkkDG0DByMcVW9M7Rp+23W4xrXrkagedw6547vjSkJPI3rKidvIwMAcijG26Rudq0G9YbgYkmQmM6Cn7rSs5I3cD35OB3NAHQqy3K3XWYzOjQNjbGxt5DZS4rKgSAdytyc85+Xeo5BcpAdp2taE/o7Tzst24uWWGqS+nY46WE71j2Jxk9hQP1a+3xLVEh2iS9HU44UIbjMeI65hJwANqsJAByePT5VrzkfOQlJz7UCdTn7LboMZV5sKLolx7YhtxaUJR5SSoqVwOwH40mgjknNfq2Ka6YQ23tHQIzshMhSGylw7Nvm3HII+fwHvxRROjpiw3AygDakke1UnS5qGqwql23SsWxxn3VKbbZWlXigceISkDvjj4c+tX9/Wtq2THQ2tRSyshKBkqOOw+NNBpMeLNrFelswov8ANZl7PHfUrCg2sKUSrJJUpI447DI5rUpzeGlbRjihHphFgyEPvp03aoLzISC9EAUpRIJIUraCVDHPzo7lMlSCAnvRhzQX7clz1b3xN6iKhtSZjqE3Ja3Gy/vXuSSchHJQ2CMZ9RW7hjycJzge1AEcafb1c44/rxcm4JdUluAh9kJR/uFKRuOPiSeKPUyl7QcDPtTyBe6QvA2QleenNluF4/fElyXvKkrLaXilsqGO4Hft6midENHhpCgk+vapCkqkJyrimmnSjyKPHoaYWi7Tw41RXD+k9Tv6fuZl2qa7GeSR5mhgLHspPYj4GulNB9TomoGkR7shEWUQPMOEL+We1ct6ZtqXJCpy3DtSgcE+tHlsfcSQtsKSeAPSvIn9oJuES6WHU0cwf08l6xl8Kg4jCHEU89QuqhCakusvJwoJVnI5zU+JpeyxX350S1xGX5Iw842whKnB/vEDJ/Gsh0Hr+Za0IZuClPRwf6x5SPhW0WXUdmuzIVFnNLKhnAUMj8K2/CeP4PFo9cDxq6g8x8lgs/h2Rgvp4seY5IWHSTSjFuutthsPMpu6Njyg8pZT32hG4kJAKjgDiqq3dIUQ7a7Eu95fuL6pSpIkeElogkAAbU8en45NaslpC0+RWce1eqib0nb379quQ8Dkq3c81hkSy6hPVpi5xNISILSWnY825l9KmpbIT/DARnIIIHpx8agvJmQtWDS/7tuH2t7VaLml0RVllUZQSSrxcbRgZGM1viYWHAcDOc5xUxMVIO5ScDPPNFZImkfsucNcu2aBqO/xpq46b5Jm2xVuC8eOtI2D+FnkgHfnHxpHUCzxFapvmoZynETrDbIj9vWHVI8Ib3CsgAgHcRg5z7V0PL09ap0pqdJt0Z19k5aeW0krT8lEZFBPUTo7pnX0uJPvDLodhnhTStpWnOdqvdOefrRBJsm6ASCse6gain2LVltm3CU1HtQZjqZjuxAUyn1OK3JDuMpUBswkEd80XHWOjdPdQrPpK2WvN9uS3N6S6WkNMqG9a+QQskp4SnnIPajHU3Tu3anetP7xddVGtMlMtEfjY66n7pXnuB6D40K9Qels683X9/6dtdok3NcP7FmblKmQFFSXWlAHCgVHjj50rrBJCawNIAJpQkvNsdaGAgBK1XKOokDsFsKR+tdHSiBbCefwrGWel15c1Tb9Rfb2Str7GqRvB3KUySVKz8cmtmfQo2tQJ7Dk1R8fcf5ZPX/Eo8Df6zPioVpkoYcQ4oZAV5vlRetTKwUoTuBGQazuNLSypQUrODnvRVa7kHI6SAoHtgivF+G5mppaStU+IiqUpSU/aUgpOM9qlPNvlwKCBsxxjvTBebW+hRHORVusEo3J7e9W+rVvzUWWxsqaRGUvIO7msJ1dbZLWp5iWiRlwn6810R4KlfeSeTx8ayHXEYs6jkHGCrByr5Vc8FZ/uCPRWfAZtM5HogqLAXuBd7/Ktn0i1KTY45QcNtJIABxzn1rM20lR8yc4o60bqBuHCkW6Us5PmaGeT7ivQeGkMkp21qZ2kjdkYZLRek2tAhq+0NhZIJHCuc/nUktJCSR6/GkWltAt7a0NeGVjcUmpBHmwrNaljSWrymR4sqGpKlE4NJW2tKe4x7GpfhEHkk+1eqSFdwKcWGk3WqF5Lq1qOFH/ACpyPaH3yFbRj41eNMNbgMCrBDaEoG0D51FfCSpDZgAhK72VDdrlKKUKV4SuFHg8djQJoux3j7eiTIgkx/AKEvKSlIHOQEAKPHfk1sqo6HW1JWjcDwQeRTP2NLY2NoAA4AA4pndFvJd3uo2hJ23oaJJJJP5UC6w0E1qhZcVerjBc2+H/AEd0BKk5zggj9CK1a6teEySUjJ9aGZARuCRn4UKQVsUaNxO4Q/p6wmw2mPakuIWGElIKGwhPf0SCcfWmtYsBOnLgdi1/0dacIJBVlJ44B/Q0SbUoySrJ9Ko9Rs/vOG5bns+DIBQ4ASCUnuMjnmo2kNKMLcVlvRxxox7m03HS2606hKsJ25GDjy7U4+nrR7MOxpZUNxweKTY9MWLTLDjFktqIqXVb3AnOVK9yTkmvLoCUKySAB2pGP32TZI6Gy5wtcF+J1REx+HGSFTFBEd1whTYycKScgKP9bse/yrfUJwApXGeQRXO0uw36PruRdGLJcHWTdCttCDubWAvJJIGU5OTzxW/tOKKU+bHwNSD940guBoFyllxIB85yOKjKUSoqOfgK9JHorOe4zSC4OCVClpIPJcbaVYjtWwPeCpzfyfeii3Ox3kjGQTkAHjFD+lEOrsrTgTjYoggDtV4plTag62MKzk8V86cVJOQ+/Mr2+J3hARJBW2hQTyAe/NXMSQ7DeDkd1aUcZwrFCsGSlacKXhYPY8UTW9aZDfJyDxnFY7IMsDi8GkGUXsUVQ9bX2A6AzPcKQBgKORRJauq9zB2yo6HUjvxg1mDq3YzgbcyUj7qvSrGEorTuKvpRsbtPxjAbcGQ6vU2PztQJOG4s28jAtptvUq1ySBJjOtH17GiGNq/T0gYVMQjPosVhsVR3Hk49KlKWrsCR8c1f4n2qcVxjU7Gv9wfy2/JV03Z3FfuwkLeG7lbJIAYmMkHthVPFhp0bkqSfka55dlvMOBTMhwKHscVZwtR3+Oj+HcXgk8jzdq0+J9r+M7bJxyPgQfrSrZOy5r+m/wBwtiegYUpYcVz2HpUcsOpcQG2QvJwSo4AHvWbJ19qGOjmSXMc+Yd6Zc60TrZlU63JeQnuUnBrV4H2lcDzTo1lp9R/9VdL2azGbto/NbNHaAwSPpU6aoG2rHwrKNIdetI6hkmAvx4slPJS4MpHxzWhu6itMu3LLExpQI7buateMcUwsrhs/dSgksPUeSgMwsiCVokaRv5IbS6kSNoGQVHn2oltcwsAJKyoH4UHOO7n1KSgkA5z71cQrsy0jDqcYHBr5wweJ9xNTnUDyPRbTuQWBF/jpdWkt+UkjtROwlXgpSo5IA7+tZvEvrXiBKD69yaP4c5LkdB34JArb4/Eo5oxTrPoqvKhLSNlZJTjg81k/UyPm/bsgJUlJ579q1BEgfe3dvjWUdVp7KLu2lTmCpsGtTwCVpyOfRP4QC3KAHkULKcS2MBXrn519HujjEhuQyrzoVkZNVL0tpZ3B4ke1IS5tBWFcGt9G7qtf3QeKctv0/wBRLbMZaYkOpRIyELSTgfOixUpvHlVkkZ7VypKlusPeOlxSdpzkGrWJr/UkdCW2J7oCew3GrrH4oGipAsdn9jRM7Xiur0K6TCyTkHJ+NKQsrzyBzzzXPkfqNqdwgLnOlR9MkUt/qLqRrIRNcz7FR/zqcOJxeRVSexeYPxBdENrbzjOT74p77UFeUL47VzE/1N1GpQT+8HU7u+FqH86UxrvUjnCrrIBzwPEV/nQ38VhG1IrOxOYResfmuoUvp7bhmvlPJTklQJrmxrWGpcFYuz6vbc4r/OmZXULUrPCrm9kD1WTn86YeKQ+Sf/orJ/5j810DeXm3GyArkc9xQnPlNNK3FQ49a5/1D1Q1c3GX4dzdyRjJV/nWPan6j9QZYX4N/kJyedqU5/So03EYSLpWeD2BzJzXeNA+a7NlXyAykqXMZR/eWBVNL1ppiMAZV4jJGeMLB5/CuDrjqrVsxW2RqOfnsoeKtIPzAOKH5qp8vIemyHCokkqcKgfrVdLxOJouitNB9mRNd7OPkP3XeV16t6GhZWvUEUNjud3H1oKvn7Q/TaOTtvbTgHfatJz+dcUTIsplW4OqWnPPPNQZynJGHFoxgYAFRTxdlW1qtofswxb/AKkpI9KC6xuX7UWgWwox2lukH2PP5UKXL9rWMhKvsNoWo5wNw/6iubxCUporKClJ5yR+lRw0QsgeYDvnvQjxuYcgFOb9nPB4j4gXfErcbj+1hqV3IhQUMk9vKP57qo5v7S/UKSR4MlDZ/ujn6YrLkwX1efnzc4A7U0tlxtRSrd+IoR4tlu8QdSlR9j+DY58MIJ9V0FoRIMF6OAPKrPzqdNWGX9gxtJ9s1RaCkHxhsdyl1vsKu5jaXH9ihnB715LxWNzMx4KzUJtrfgE420hag62o5B5q8tb+0geISnPv2NNx7eY0RMlweVQx29aj+IqK4HAfKo8isrnUXFqbIQXUikIRNaUF53DkZpq3qdjOcncjP0pu1rVIOSSUq5Bqc5GQwsupJwSKoJAQSOiQtpWrDu9GEg5Pt61LYQpKcqUTk9ttV0JwdyCRVmhxJGQfvdqq5hR2SJlxKC8AoEinW0gLI7pNNuqSpxKG+/qakt+TylWeM5oGqk0FNSEZBSB6YAoU1M0Ps7idp7HijNl1rcoq+92GaD9XvBgFx3hJPbFTsBjnvaQOqUuDVj0S6uad1c06pxQaUsBXPoe9dDWW4JfaS8hZPAIOe9cxakcRNuDkltwp8NWU8/Gtr6VagTdLSylTwLjQCFHPPFa7tBhPGMyYcxsUNj2vW12mb47AU5uyeOfWpzoUMeXIPc1VWTapjKV/dPpV4wFOpIWAazIxy6MF3VAcQHbJtteFJUOATR3bLg81HSkHPFBK4afETsyOaLoMZP2ZJUs/dHAqIHZuFL4OXxULJDXDdXTNyccBClhA78cVkfWeQtu7Q1l0EKbORnvz/wBa0JQUlRSCcViH7QF8ft8y2qydpSpJJ+deh9kuNvZnMjyOt7peC4+rOaGc91CamJUQQsjPxq1adCkjK+D2zWeWrUVtkgD7WArAJCqJo9yQpIKZI2fGveceRsjdltJsZzNirO4NFw/wyflTEb+AseIoqHyr1m4I3ELVuB7etOuPtOpJSjnHGDU1rAVBc1zE4HirzhRHqOajvzA4vKhgp/Om21qV5QSB8qccYyrcQeKc5ukUh2CoCwp4FYyOeOatLcCcBfPxI7VEUQ2QlI4JqXHUQFJBGaCXUjNdtSnvz0x0bAoBXeh+6y3HElXiEn04qRMW4ngpyaqLjIWWSU8e/HehkhFjjBNoev8Ac3G2Voc5BH50ByJrLiyFEKyewokvshcgqaPAx60FOW94ySUKKgM5PoKgZEjg6gr/AA42geLZOPRI0rskEd+1R39Px1p2Mq2KVz8M1KTH8BQUTwPjxUsPNJ++4O/r6UMHWN1Nss+4UIT7HIbUUFneBxuAzVf+4zIWhgMqHPJ29q0VLjA8ylpUD6g14W4ivMFIBJ9MAmgOhZd2jtznt2IWe3WxvNBDYZX4YT6Jqtbh+GFRWIuQpQUVFAJ/A961RxlpadxIIznFRkoihRT4aB5v7NOEYHJAky75hA70cx2xujHbj0HNV8iLb5GVLbAWeMHitCfhNqBOAcnBqrnaejPgHw0pXngiihmoKvOSLX//2Q==', 'commentaire');

-- --------------------------------------------------------

--
-- Structure de la table `utilisateurs`
--

DROP TABLE IF EXISTS `utilisateurs`;
CREATE TABLE IF NOT EXISTS `utilisateurs` (
  `ID` int(11) NOT NULL AUTO_INCREMENT,
  `username` varchar(100) NOT NULL,
  `email` varchar(100) NOT NULL,
  `password` varchar(100) NOT NULL,
  PRIMARY KEY (`ID`)
) ENGINE=MyISAM DEFAULT CHARSET=utf8;
COMMIT;

/*!40101 SET CHARACTER_SET_CLIENT=@OLD_CHARACTER_SET_CLIENT */;
/*!40101 SET CHARACTER_SET_RESULTS=@OLD_CHARACTER_SET_RESULTS */;
/*!40101 SET COLLATION_CONNECTION=@OLD_COLLATION_CONNECTION */;
